-- phpMyAdmin SQL Dump
-- version 5.1.1
-- https://www.phpmyadmin.net/
--
-- Host: 127.0.0.1
-- Generation Time: Mar 31, 2022 at 08:58 AM
-- Server version: 10.4.22-MariaDB
-- PHP Version: 7.4.27

SET SQL_MODE = "NO_AUTO_VALUE_ON_ZERO";
START TRANSACTION;
SET time_zone = "+00:00";


/*!40101 SET @OLD_CHARACTER_SET_CLIENT=@@CHARACTER_SET_CLIENT */;
/*!40101 SET @OLD_CHARACTER_SET_RESULTS=@@CHARACTER_SET_RESULTS */;
/*!40101 SET @OLD_COLLATION_CONNECTION=@@COLLATION_CONNECTION */;
/*!40101 SET NAMES utf8mb4 */;

--
-- Database: `ncda`
--

DELIMITER $$
--
-- Procedures
--
CREATE DEFINER=`root`@`localhost` PROCEDURE `populate_ihrisdata` ()  BEGIN
DELETE from  ihrisdata where (SELECT count(`person+id`) as ihris from `national_manage`.`zebra_staff_list`) !=0;

INSERT INTO ihrisdata (ihris_pid,
district_id,
district,
nin,
ipps,
facility_type_id,
facility_id,
facility,
department,
job_id,
job,
surname,
firstname,
othername,
mobile,
telephone,
institution_type)
SELECT
DISTINCT trim(`person+id`),
trim(`district+id`),
`district+name`,
`national_id+id_num`,
`ipps_no+id_num`,
`facility+facility_type`,
trim(`facility+id`),
`facility+name`,
`department_structure+name`,
trim(`job+id`),
`job+title`,
`person+surname`,
`person+firstname`,
`person+othername`,
`person_contact_personal+mobile_phone`,
`person_contact_personal+telephone`,
`institution_type+name`

from  `national_manage`.`zebra_staff_list`;
END$$

DELIMITER ;

-- --------------------------------------------------------

--
-- Table structure for table `access_sessions`
--

CREATE TABLE `access_sessions` (
  `id` varchar(40) NOT NULL,
  `ip_address` varchar(45) NOT NULL,
  `timestamp` int(10) UNSIGNED NOT NULL DEFAULT 0,
  `data` blob NOT NULL
) ENGINE=InnoDB DEFAULT CHARSET=utf8mb4;

--
-- Dumping data for table `access_sessions`
--

INSERT INTO `access_sessions` (`id`, `ip_address`, `timestamp`, `data`) VALUES
('0bie4abdv4pgan130qeu9iuf139us3gb', '::1', 1648130688, 0x5f5f63695f6c6173745f726567656e65726174657c693a313634383133303638383b6e616d65737c733a31323a22414e44524557204147414241223b757365725f69647c733a313a2231223b69687269735f7069647c4e3b757365726e616d657c733a343a226e636461223b726f6c657c733a363a227361646d696e223b73746174657c733a313a2231223b646174654368616e6765647c4e3b6368616e6765647c733a313a2230223b69734c6f67676564496e7c623a313b666163696c6974797c733a31323a22666163696c6974797c373837223b666163696c6974795f6e616d657c733a33313a224b616d70616c61204d756c61676f20526567696f6e616c205265666572616c223b6465706172746d656e747c733a353a225465737432223b7065726d697373696f6e737c613a32333a7b693a303b733a323a223133223b693a313b733a323a223134223b693a323b733a323a223135223b693a333b733a323a223136223b693a343b733a323a223137223b693a353b733a323a223138223b693a363b733a323a223139223b693a373b733a323a223230223b693a383b733a323a223231223b693a393b733a323a223232223b693a31303b733a323a223233223b693a31313b733a323a223235223b693a31323b733a323a223236223b693a31333b733a323a223237223b693a31343b733a323a223238223b693a31353b733a323a223330223b693a31363b733a323a223331223b693a31373b733a323a223332223b693a31383b733a323a223333223b693a31393b733a323a223334223b693a32303b733a323a223335223b693a32313b733a323a223337223b693a32323b733a323a223338223b7d6465706172746d656e745f69647c733a353a225465737432223b6469766973696f6e7c4e3b756e69747c4e3b64697374726963745f69647c733a31323a2264697374726963747c313032223b64697374726963747c733a373a224b414d50414c41223b796561727c733a343a2232303232223b6d6f6e74687c733a323a223033223b646174655f66726f6d7c733a31303a22323032322d30322d3233223b646174655f746f7c733a31303a22323032322d30332d3233223b),
('0nmkdor0ucihdsu2oehja0623ennsfo9', '::1', 1648126609, 0x5f5f63695f6c6173745f726567656e65726174657c693a313634383132363630393b6e616d65737c733a31323a22414e44524557204147414241223b757365725f69647c733a313a2231223b69687269735f7069647c4e3b757365726e616d657c733a343a226e636461223b726f6c657c733a363a227361646d696e223b73746174657c733a313a2231223b646174654368616e6765647c4e3b6368616e6765647c733a313a2230223b69734c6f67676564496e7c623a313b666163696c6974797c733a31323a22666163696c6974797c373837223b666163696c6974795f6e616d657c733a33313a224b616d70616c61204d756c61676f20526567696f6e616c205265666572616c223b6465706172746d656e747c733a353a225465737432223b7065726d697373696f6e737c613a32333a7b693a303b733a323a223133223b693a313b733a323a223134223b693a323b733a323a223135223b693a333b733a323a223136223b693a343b733a323a223137223b693a353b733a323a223138223b693a363b733a323a223139223b693a373b733a323a223230223b693a383b733a323a223231223b693a393b733a323a223232223b693a31303b733a323a223233223b693a31313b733a323a223235223b693a31323b733a323a223236223b693a31333b733a323a223237223b693a31343b733a323a223238223b693a31353b733a323a223330223b693a31363b733a323a223331223b693a31373b733a323a223332223b693a31383b733a323a223333223b693a31393b733a323a223334223b693a32303b733a323a223335223b693a32313b733a323a223337223b693a32323b733a323a223338223b7d6465706172746d656e745f69647c733a353a225465737432223b6469766973696f6e7c4e3b756e69747c4e3b64697374726963745f69647c733a31323a2264697374726963747c313032223b64697374726963747c733a373a224b414d50414c41223b796561727c733a343a2232303232223b6d6f6e74687c733a323a223033223b646174655f66726f6d7c733a31303a22323032322d30322d3233223b646174655f746f7c733a31303a22323032322d30332d3233223b),
('1k1hea4d05tp4c59g204efq9fr6vtroi', '::1', 1648113789, 0x5f5f63695f6c6173745f726567656e65726174657c693a313634383131333738393b6e616d65737c733a31323a22414e44524557204147414241223b757365725f69647c733a313a2231223b69687269735f7069647c4e3b757365726e616d657c733a343a226e636461223b726f6c657c733a363a227361646d696e223b73746174657c733a313a2231223b646174654368616e6765647c4e3b6368616e6765647c733a313a2230223b69734c6f67676564496e7c623a313b666163696c6974797c733a31323a22666163696c6974797c373837223b666163696c6974795f6e616d657c733a33313a224b616d70616c61204d756c61676f20526567696f6e616c205265666572616c223b6465706172746d656e747c733a353a225465737432223b7065726d697373696f6e737c613a32333a7b693a303b733a323a223133223b693a313b733a323a223134223b693a323b733a323a223135223b693a333b733a323a223136223b693a343b733a323a223137223b693a353b733a323a223138223b693a363b733a323a223139223b693a373b733a323a223230223b693a383b733a323a223231223b693a393b733a323a223232223b693a31303b733a323a223233223b693a31313b733a323a223235223b693a31323b733a323a223236223b693a31333b733a323a223237223b693a31343b733a323a223238223b693a31353b733a323a223330223b693a31363b733a323a223331223b693a31373b733a323a223332223b693a31383b733a323a223333223b693a31393b733a323a223334223b693a32303b733a323a223335223b693a32313b733a323a223337223b693a32323b733a323a223338223b7d6465706172746d656e745f69647c733a353a225465737432223b6469766973696f6e7c4e3b756e69747c4e3b64697374726963745f69647c733a31323a2264697374726963747c313032223b64697374726963747c733a373a224b414d50414c41223b796561727c733a343a2232303232223b6d6f6e74687c733a323a223033223b646174655f66726f6d7c733a31303a22323032322d30322d3233223b646174655f746f7c733a31303a22323032322d30332d3233223b),
('36sftej1pl41mb6s4jjj6s2samlukfr7', '::1', 1648117820, 0x5f5f63695f6c6173745f726567656e65726174657c693a313634383131373832303b6e616d65737c733a31323a22414e44524557204147414241223b757365725f69647c733a313a2231223b69687269735f7069647c4e3b757365726e616d657c733a343a226e636461223b726f6c657c733a363a227361646d696e223b73746174657c733a313a2231223b646174654368616e6765647c4e3b6368616e6765647c733a313a2230223b69734c6f67676564496e7c623a313b666163696c6974797c733a31323a22666163696c6974797c373837223b666163696c6974795f6e616d657c733a33313a224b616d70616c61204d756c61676f20526567696f6e616c205265666572616c223b6465706172746d656e747c733a353a225465737432223b7065726d697373696f6e737c613a32333a7b693a303b733a323a223133223b693a313b733a323a223134223b693a323b733a323a223135223b693a333b733a323a223136223b693a343b733a323a223137223b693a353b733a323a223138223b693a363b733a323a223139223b693a373b733a323a223230223b693a383b733a323a223231223b693a393b733a323a223232223b693a31303b733a323a223233223b693a31313b733a323a223235223b693a31323b733a323a223236223b693a31333b733a323a223237223b693a31343b733a323a223238223b693a31353b733a323a223330223b693a31363b733a323a223331223b693a31373b733a323a223332223b693a31383b733a323a223333223b693a31393b733a323a223334223b693a32303b733a323a223335223b693a32313b733a323a223337223b693a32323b733a323a223338223b7d6465706172746d656e745f69647c733a353a225465737432223b6469766973696f6e7c4e3b756e69747c4e3b64697374726963745f69647c733a31323a2264697374726963747c313032223b64697374726963747c733a373a224b414d50414c41223b796561727c733a343a2232303232223b6d6f6e74687c733a323a223033223b646174655f66726f6d7c733a31303a22323032322d30322d3233223b646174655f746f7c733a31303a22323032322d30332d3233223b),
('5470im83g6hfmf0j97iibmo4qjs0ugsf', '::1', 1648113394, 0x5f5f63695f6c6173745f726567656e65726174657c693a313634383131333339343b6e616d65737c733a31323a22414e44524557204147414241223b757365725f69647c733a313a2231223b69687269735f7069647c4e3b757365726e616d657c733a343a226e636461223b726f6c657c733a363a227361646d696e223b73746174657c733a313a2231223b646174654368616e6765647c4e3b6368616e6765647c733a313a2230223b69734c6f67676564496e7c623a313b666163696c6974797c733a31323a22666163696c6974797c373837223b666163696c6974795f6e616d657c733a33313a224b616d70616c61204d756c61676f20526567696f6e616c205265666572616c223b6465706172746d656e747c733a353a225465737432223b7065726d697373696f6e737c613a32333a7b693a303b733a323a223133223b693a313b733a323a223134223b693a323b733a323a223135223b693a333b733a323a223136223b693a343b733a323a223137223b693a353b733a323a223138223b693a363b733a323a223139223b693a373b733a323a223230223b693a383b733a323a223231223b693a393b733a323a223232223b693a31303b733a323a223233223b693a31313b733a323a223235223b693a31323b733a323a223236223b693a31333b733a323a223237223b693a31343b733a323a223238223b693a31353b733a323a223330223b693a31363b733a323a223331223b693a31373b733a323a223332223b693a31383b733a323a223333223b693a31393b733a323a223334223b693a32303b733a323a223335223b693a32313b733a323a223337223b693a32323b733a323a223338223b7d6465706172746d656e745f69647c733a353a225465737432223b6469766973696f6e7c4e3b756e69747c4e3b64697374726963745f69647c733a31323a2264697374726963747c313032223b64697374726963747c733a373a224b414d50414c41223b796561727c733a343a2232303232223b6d6f6e74687c733a323a223033223b646174655f66726f6d7c733a31303a22323032322d30322d3233223b646174655f746f7c733a31303a22323032322d30332d3233223b),
('5olararkn9rnq1b75rm1mmcuvhduodod', '::1', 1648128566, 0x5f5f63695f6c6173745f726567656e65726174657c693a313634383132383536363b6e616d65737c733a31323a22414e44524557204147414241223b757365725f69647c733a313a2231223b69687269735f7069647c4e3b757365726e616d657c733a343a226e636461223b726f6c657c733a363a227361646d696e223b73746174657c733a313a2231223b646174654368616e6765647c4e3b6368616e6765647c733a313a2230223b69734c6f67676564496e7c623a313b666163696c6974797c733a31323a22666163696c6974797c373837223b666163696c6974795f6e616d657c733a33313a224b616d70616c61204d756c61676f20526567696f6e616c205265666572616c223b6465706172746d656e747c733a353a225465737432223b7065726d697373696f6e737c613a32333a7b693a303b733a323a223133223b693a313b733a323a223134223b693a323b733a323a223135223b693a333b733a323a223136223b693a343b733a323a223137223b693a353b733a323a223138223b693a363b733a323a223139223b693a373b733a323a223230223b693a383b733a323a223231223b693a393b733a323a223232223b693a31303b733a323a223233223b693a31313b733a323a223235223b693a31323b733a323a223236223b693a31333b733a323a223237223b693a31343b733a323a223238223b693a31353b733a323a223330223b693a31363b733a323a223331223b693a31373b733a323a223332223b693a31383b733a323a223333223b693a31393b733a323a223334223b693a32303b733a323a223335223b693a32313b733a323a223337223b693a32323b733a323a223338223b7d6465706172746d656e745f69647c733a353a225465737432223b6469766973696f6e7c4e3b756e69747c4e3b64697374726963745f69647c733a31323a2264697374726963747c313032223b64697374726963747c733a373a224b414d50414c41223b796561727c733a343a2232303232223b6d6f6e74687c733a323a223033223b646174655f66726f6d7c733a31303a22323032322d30322d3233223b646174655f746f7c733a31303a22323032322d30332d3233223b),
('66q3j9r37vu5f8qpdc7d6l61s9r3irhf', '::1', 1648126269, 0x5f5f63695f6c6173745f726567656e65726174657c693a313634383132363236393b6e616d65737c733a31323a22414e44524557204147414241223b757365725f69647c733a313a2231223b69687269735f7069647c4e3b757365726e616d657c733a343a226e636461223b726f6c657c733a363a227361646d696e223b73746174657c733a313a2231223b646174654368616e6765647c4e3b6368616e6765647c733a313a2230223b69734c6f67676564496e7c623a313b666163696c6974797c733a31323a22666163696c6974797c373837223b666163696c6974795f6e616d657c733a33313a224b616d70616c61204d756c61676f20526567696f6e616c205265666572616c223b6465706172746d656e747c733a353a225465737432223b7065726d697373696f6e737c613a32333a7b693a303b733a323a223133223b693a313b733a323a223134223b693a323b733a323a223135223b693a333b733a323a223136223b693a343b733a323a223137223b693a353b733a323a223138223b693a363b733a323a223139223b693a373b733a323a223230223b693a383b733a323a223231223b693a393b733a323a223232223b693a31303b733a323a223233223b693a31313b733a323a223235223b693a31323b733a323a223236223b693a31333b733a323a223237223b693a31343b733a323a223238223b693a31353b733a323a223330223b693a31363b733a323a223331223b693a31373b733a323a223332223b693a31383b733a323a223333223b693a31393b733a323a223334223b693a32303b733a323a223335223b693a32313b733a323a223337223b693a32323b733a323a223338223b7d6465706172746d656e745f69647c733a353a225465737432223b6469766973696f6e7c4e3b756e69747c4e3b64697374726963745f69647c733a31323a2264697374726963747c313032223b64697374726963747c733a373a224b414d50414c41223b796561727c733a343a2232303232223b6d6f6e74687c733a323a223033223b646174655f66726f6d7c733a31303a22323032322d30322d3233223b646174655f746f7c733a31303a22323032322d30332d3233223b),
('6e7mj0rudhdtt0lrs8gk0pa0le1kqtjo', '::1', 1648109921, 0x5f5f63695f6c6173745f726567656e65726174657c693a313634383130393932313b6e616d65737c733a31323a22414e44524557204147414241223b757365725f69647c733a313a2231223b69687269735f7069647c4e3b757365726e616d657c733a343a226e636461223b726f6c657c733a363a227361646d696e223b73746174657c733a313a2231223b646174654368616e6765647c4e3b6368616e6765647c733a313a2230223b69734c6f67676564496e7c623a313b666163696c6974797c733a31323a22666163696c6974797c373837223b666163696c6974795f6e616d657c733a33313a224b616d70616c61204d756c61676f20526567696f6e616c205265666572616c223b6465706172746d656e747c733a353a225465737432223b7065726d697373696f6e737c613a32333a7b693a303b733a323a223133223b693a313b733a323a223134223b693a323b733a323a223135223b693a333b733a323a223136223b693a343b733a323a223137223b693a353b733a323a223138223b693a363b733a323a223139223b693a373b733a323a223230223b693a383b733a323a223231223b693a393b733a323a223232223b693a31303b733a323a223233223b693a31313b733a323a223235223b693a31323b733a323a223236223b693a31333b733a323a223237223b693a31343b733a323a223238223b693a31353b733a323a223330223b693a31363b733a323a223331223b693a31373b733a323a223332223b693a31383b733a323a223333223b693a31393b733a323a223334223b693a32303b733a323a223335223b693a32313b733a323a223337223b693a32323b733a323a223338223b7d6465706172746d656e745f69647c733a353a225465737432223b6469766973696f6e7c4e3b756e69747c4e3b64697374726963745f69647c733a31323a2264697374726963747c313032223b64697374726963747c733a373a224b414d50414c41223b796561727c733a343a2232303232223b6d6f6e74687c733a323a223033223b646174655f66726f6d7c733a31303a22323032322d30322d3233223b646174655f746f7c733a31303a22323032322d30332d3233223b),
('7gj0nlh8llgmnqmhba0c0nmi3d0gu5g7', '::1', 1648127254, 0x5f5f63695f6c6173745f726567656e65726174657c693a313634383132373235343b6e616d65737c733a31323a22414e44524557204147414241223b757365725f69647c733a313a2231223b69687269735f7069647c4e3b757365726e616d657c733a343a226e636461223b726f6c657c733a363a227361646d696e223b73746174657c733a313a2231223b646174654368616e6765647c4e3b6368616e6765647c733a313a2230223b69734c6f67676564496e7c623a313b666163696c6974797c733a31323a22666163696c6974797c373837223b666163696c6974795f6e616d657c733a33313a224b616d70616c61204d756c61676f20526567696f6e616c205265666572616c223b6465706172746d656e747c733a353a225465737432223b7065726d697373696f6e737c613a32333a7b693a303b733a323a223133223b693a313b733a323a223134223b693a323b733a323a223135223b693a333b733a323a223136223b693a343b733a323a223137223b693a353b733a323a223138223b693a363b733a323a223139223b693a373b733a323a223230223b693a383b733a323a223231223b693a393b733a323a223232223b693a31303b733a323a223233223b693a31313b733a323a223235223b693a31323b733a323a223236223b693a31333b733a323a223237223b693a31343b733a323a223238223b693a31353b733a323a223330223b693a31363b733a323a223331223b693a31373b733a323a223332223b693a31383b733a323a223333223b693a31393b733a323a223334223b693a32303b733a323a223335223b693a32313b733a323a223337223b693a32323b733a323a223338223b7d6465706172746d656e745f69647c733a353a225465737432223b6469766973696f6e7c4e3b756e69747c4e3b64697374726963745f69647c733a31323a2264697374726963747c313032223b64697374726963747c733a373a224b414d50414c41223b796561727c733a343a2232303232223b6d6f6e74687c733a323a223033223b646174655f66726f6d7c733a31303a22323032322d30322d3233223b646174655f746f7c733a31303a22323032322d30332d3233223b),
('9knuqermklvbknqe0mji49drr0ejqmbs', '::1', 1648126911, 0x5f5f63695f6c6173745f726567656e65726174657c693a313634383132363931313b6e616d65737c733a31323a22414e44524557204147414241223b757365725f69647c733a313a2231223b69687269735f7069647c4e3b757365726e616d657c733a343a226e636461223b726f6c657c733a363a227361646d696e223b73746174657c733a313a2231223b646174654368616e6765647c4e3b6368616e6765647c733a313a2230223b69734c6f67676564496e7c623a313b666163696c6974797c733a31323a22666163696c6974797c373837223b666163696c6974795f6e616d657c733a33313a224b616d70616c61204d756c61676f20526567696f6e616c205265666572616c223b6465706172746d656e747c733a353a225465737432223b7065726d697373696f6e737c613a32333a7b693a303b733a323a223133223b693a313b733a323a223134223b693a323b733a323a223135223b693a333b733a323a223136223b693a343b733a323a223137223b693a353b733a323a223138223b693a363b733a323a223139223b693a373b733a323a223230223b693a383b733a323a223231223b693a393b733a323a223232223b693a31303b733a323a223233223b693a31313b733a323a223235223b693a31323b733a323a223236223b693a31333b733a323a223237223b693a31343b733a323a223238223b693a31353b733a323a223330223b693a31363b733a323a223331223b693a31373b733a323a223332223b693a31383b733a323a223333223b693a31393b733a323a223334223b693a32303b733a323a223335223b693a32313b733a323a223337223b693a32323b733a323a223338223b7d6465706172746d656e745f69647c733a353a225465737432223b6469766973696f6e7c4e3b756e69747c4e3b64697374726963745f69647c733a31323a2264697374726963747c313032223b64697374726963747c733a373a224b414d50414c41223b796561727c733a343a2232303232223b6d6f6e74687c733a323a223033223b646174655f66726f6d7c733a31303a22323032322d30322d3233223b646174655f746f7c733a31303a22323032322d30332d3233223b),
('aautl6s81t84qhdjvov0u6h68vhacmhl', '::1', 1648108178, 0x5f5f63695f6c6173745f726567656e65726174657c693a313634383130383137383b6e616d65737c733a31323a22414e44524557204147414241223b757365725f69647c733a313a2231223b69687269735f7069647c4e3b757365726e616d657c733a343a226e636461223b726f6c657c733a363a227361646d696e223b73746174657c733a313a2231223b646174654368616e6765647c4e3b6368616e6765647c733a313a2230223b69734c6f67676564496e7c623a313b666163696c6974797c733a31323a22666163696c6974797c373837223b666163696c6974795f6e616d657c733a33313a224b616d70616c61204d756c61676f20526567696f6e616c205265666572616c223b6465706172746d656e747c733a353a225465737432223b7065726d697373696f6e737c613a32333a7b693a303b733a323a223133223b693a313b733a323a223134223b693a323b733a323a223135223b693a333b733a323a223136223b693a343b733a323a223137223b693a353b733a323a223138223b693a363b733a323a223139223b693a373b733a323a223230223b693a383b733a323a223231223b693a393b733a323a223232223b693a31303b733a323a223233223b693a31313b733a323a223235223b693a31323b733a323a223236223b693a31333b733a323a223237223b693a31343b733a323a223238223b693a31353b733a323a223330223b693a31363b733a323a223331223b693a31373b733a323a223332223b693a31383b733a323a223333223b693a31393b733a323a223334223b693a32303b733a323a223335223b693a32313b733a323a223337223b693a32323b733a323a223338223b7d6465706172746d656e745f69647c733a353a225465737432223b6469766973696f6e7c4e3b756e69747c4e3b64697374726963745f69647c733a31323a2264697374726963747c313032223b64697374726963747c733a373a224b414d50414c41223b796561727c733a343a2232303232223b6d6f6e74687c733a323a223033223b646174655f66726f6d7c733a31303a22323032322d30322d3233223b646174655f746f7c733a31303a22323032322d30332d3233223b),
('allrpa9ftasmlsce3b7kq9kg0k9ce3jg', '::1', 1648119065, 0x5f5f63695f6c6173745f726567656e65726174657c693a313634383131393036353b6e616d65737c733a31323a22414e44524557204147414241223b757365725f69647c733a313a2231223b69687269735f7069647c4e3b757365726e616d657c733a343a226e636461223b726f6c657c733a363a227361646d696e223b73746174657c733a313a2231223b646174654368616e6765647c4e3b6368616e6765647c733a313a2230223b69734c6f67676564496e7c623a313b666163696c6974797c733a31323a22666163696c6974797c373837223b666163696c6974795f6e616d657c733a33313a224b616d70616c61204d756c61676f20526567696f6e616c205265666572616c223b6465706172746d656e747c733a353a225465737432223b7065726d697373696f6e737c613a32333a7b693a303b733a323a223133223b693a313b733a323a223134223b693a323b733a323a223135223b693a333b733a323a223136223b693a343b733a323a223137223b693a353b733a323a223138223b693a363b733a323a223139223b693a373b733a323a223230223b693a383b733a323a223231223b693a393b733a323a223232223b693a31303b733a323a223233223b693a31313b733a323a223235223b693a31323b733a323a223236223b693a31333b733a323a223237223b693a31343b733a323a223238223b693a31353b733a323a223330223b693a31363b733a323a223331223b693a31373b733a323a223332223b693a31383b733a323a223333223b693a31393b733a323a223334223b693a32303b733a323a223335223b693a32313b733a323a223337223b693a32323b733a323a223338223b7d6465706172746d656e745f69647c733a353a225465737432223b6469766973696f6e7c4e3b756e69747c4e3b64697374726963745f69647c733a31323a2264697374726963747c313032223b64697374726963747c733a373a224b414d50414c41223b796561727c733a343a2232303232223b6d6f6e74687c733a323a223033223b646174655f66726f6d7c733a31303a22323032322d30322d3233223b646174655f746f7c733a31303a22323032322d30332d3233223b),
('cr95tmvtn90n27doigh475r0jf92kep4', '::1', 1648112172, 0x5f5f63695f6c6173745f726567656e65726174657c693a313634383131323137323b6e616d65737c733a31323a22414e44524557204147414241223b757365725f69647c733a313a2231223b69687269735f7069647c4e3b757365726e616d657c733a343a226e636461223b726f6c657c733a363a227361646d696e223b73746174657c733a313a2231223b646174654368616e6765647c4e3b6368616e6765647c733a313a2230223b69734c6f67676564496e7c623a313b666163696c6974797c733a31323a22666163696c6974797c373837223b666163696c6974795f6e616d657c733a33313a224b616d70616c61204d756c61676f20526567696f6e616c205265666572616c223b6465706172746d656e747c733a353a225465737432223b7065726d697373696f6e737c613a32333a7b693a303b733a323a223133223b693a313b733a323a223134223b693a323b733a323a223135223b693a333b733a323a223136223b693a343b733a323a223137223b693a353b733a323a223138223b693a363b733a323a223139223b693a373b733a323a223230223b693a383b733a323a223231223b693a393b733a323a223232223b693a31303b733a323a223233223b693a31313b733a323a223235223b693a31323b733a323a223236223b693a31333b733a323a223237223b693a31343b733a323a223238223b693a31353b733a323a223330223b693a31363b733a323a223331223b693a31373b733a323a223332223b693a31383b733a323a223333223b693a31393b733a323a223334223b693a32303b733a323a223335223b693a32313b733a323a223337223b693a32323b733a323a223338223b7d6465706172746d656e745f69647c733a353a225465737432223b6469766973696f6e7c4e3b756e69747c4e3b64697374726963745f69647c733a31323a2264697374726963747c313032223b64697374726963747c733a373a224b414d50414c41223b796561727c733a343a2232303232223b6d6f6e74687c733a323a223033223b646174655f66726f6d7c733a31303a22323032322d30322d3233223b646174655f746f7c733a31303a22323032322d30332d3233223b),
('ek185ruff80dkdrov9f0aoforqa8ua5h', '::1', 1648125688, 0x5f5f63695f6c6173745f726567656e65726174657c693a313634383132353638383b6e616d65737c733a31323a22414e44524557204147414241223b757365725f69647c733a313a2231223b69687269735f7069647c4e3b757365726e616d657c733a343a226e636461223b726f6c657c733a363a227361646d696e223b73746174657c733a313a2231223b646174654368616e6765647c4e3b6368616e6765647c733a313a2230223b69734c6f67676564496e7c623a313b666163696c6974797c733a31323a22666163696c6974797c373837223b666163696c6974795f6e616d657c733a33313a224b616d70616c61204d756c61676f20526567696f6e616c205265666572616c223b6465706172746d656e747c733a353a225465737432223b7065726d697373696f6e737c613a32333a7b693a303b733a323a223133223b693a313b733a323a223134223b693a323b733a323a223135223b693a333b733a323a223136223b693a343b733a323a223137223b693a353b733a323a223138223b693a363b733a323a223139223b693a373b733a323a223230223b693a383b733a323a223231223b693a393b733a323a223232223b693a31303b733a323a223233223b693a31313b733a323a223235223b693a31323b733a323a223236223b693a31333b733a323a223237223b693a31343b733a323a223238223b693a31353b733a323a223330223b693a31363b733a323a223331223b693a31373b733a323a223332223b693a31383b733a323a223333223b693a31393b733a323a223334223b693a32303b733a323a223335223b693a32313b733a323a223337223b693a32323b733a323a223338223b7d6465706172746d656e745f69647c733a353a225465737432223b6469766973696f6e7c4e3b756e69747c4e3b64697374726963745f69647c733a31323a2264697374726963747c313032223b64697374726963747c733a373a224b414d50414c41223b796561727c733a343a2232303232223b6d6f6e74687c733a323a223033223b646174655f66726f6d7c733a31303a22323032322d30322d3233223b646174655f746f7c733a31303a22323032322d30332d3233223b),
('eun1p9okqj8db2nju7qd7ghsqvi98c64', '::1', 1648110915, 0x5f5f63695f6c6173745f726567656e65726174657c693a313634383131303931353b6e616d65737c733a31323a22414e44524557204147414241223b757365725f69647c733a313a2231223b69687269735f7069647c4e3b757365726e616d657c733a343a226e636461223b726f6c657c733a363a227361646d696e223b73746174657c733a313a2231223b646174654368616e6765647c4e3b6368616e6765647c733a313a2230223b69734c6f67676564496e7c623a313b666163696c6974797c733a31323a22666163696c6974797c373837223b666163696c6974795f6e616d657c733a33313a224b616d70616c61204d756c61676f20526567696f6e616c205265666572616c223b6465706172746d656e747c733a353a225465737432223b7065726d697373696f6e737c613a32333a7b693a303b733a323a223133223b693a313b733a323a223134223b693a323b733a323a223135223b693a333b733a323a223136223b693a343b733a323a223137223b693a353b733a323a223138223b693a363b733a323a223139223b693a373b733a323a223230223b693a383b733a323a223231223b693a393b733a323a223232223b693a31303b733a323a223233223b693a31313b733a323a223235223b693a31323b733a323a223236223b693a31333b733a323a223237223b693a31343b733a323a223238223b693a31353b733a323a223330223b693a31363b733a323a223331223b693a31373b733a323a223332223b693a31383b733a323a223333223b693a31393b733a323a223334223b693a32303b733a323a223335223b693a32313b733a323a223337223b693a32323b733a323a223338223b7d6465706172746d656e745f69647c733a353a225465737432223b6469766973696f6e7c4e3b756e69747c4e3b64697374726963745f69647c733a31323a2264697374726963747c313032223b64697374726963747c733a373a224b414d50414c41223b796561727c733a343a2232303232223b6d6f6e74687c733a323a223033223b646174655f66726f6d7c733a31303a22323032322d30322d3233223b646174655f746f7c733a31303a22323032322d30332d3233223b),
('garmj7347plig5ef5fjssugtpssl1a2p', '::1', 1648127875, 0x5f5f63695f6c6173745f726567656e65726174657c693a313634383132373837353b6e616d65737c733a31323a22414e44524557204147414241223b757365725f69647c733a313a2231223b69687269735f7069647c4e3b757365726e616d657c733a343a226e636461223b726f6c657c733a363a227361646d696e223b73746174657c733a313a2231223b646174654368616e6765647c4e3b6368616e6765647c733a313a2230223b69734c6f67676564496e7c623a313b666163696c6974797c733a31323a22666163696c6974797c373837223b666163696c6974795f6e616d657c733a33313a224b616d70616c61204d756c61676f20526567696f6e616c205265666572616c223b6465706172746d656e747c733a353a225465737432223b7065726d697373696f6e737c613a32333a7b693a303b733a323a223133223b693a313b733a323a223134223b693a323b733a323a223135223b693a333b733a323a223136223b693a343b733a323a223137223b693a353b733a323a223138223b693a363b733a323a223139223b693a373b733a323a223230223b693a383b733a323a223231223b693a393b733a323a223232223b693a31303b733a323a223233223b693a31313b733a323a223235223b693a31323b733a323a223236223b693a31333b733a323a223237223b693a31343b733a323a223238223b693a31353b733a323a223330223b693a31363b733a323a223331223b693a31373b733a323a223332223b693a31383b733a323a223333223b693a31393b733a323a223334223b693a32303b733a323a223335223b693a32313b733a323a223337223b693a32323b733a323a223338223b7d6465706172746d656e745f69647c733a353a225465737432223b6469766973696f6e7c4e3b756e69747c4e3b64697374726963745f69647c733a31323a2264697374726963747c313032223b64697374726963747c733a373a224b414d50414c41223b796561727c733a343a2232303232223b6d6f6e74687c733a323a223033223b646174655f66726f6d7c733a31303a22323032322d30322d3233223b646174655f746f7c733a31303a22323032322d30332d3233223b),
('ggs037e7tu3bn3plthcb93elukidqcfp', '::1', 1648120329, 0x5f5f63695f6c6173745f726567656e65726174657c693a313634383132303332393b6e616d65737c733a31323a22414e44524557204147414241223b757365725f69647c733a313a2231223b69687269735f7069647c4e3b757365726e616d657c733a343a226e636461223b726f6c657c733a363a227361646d696e223b73746174657c733a313a2231223b646174654368616e6765647c4e3b6368616e6765647c733a313a2230223b69734c6f67676564496e7c623a313b666163696c6974797c733a31323a22666163696c6974797c373837223b666163696c6974795f6e616d657c733a33313a224b616d70616c61204d756c61676f20526567696f6e616c205265666572616c223b6465706172746d656e747c733a353a225465737432223b7065726d697373696f6e737c613a32333a7b693a303b733a323a223133223b693a313b733a323a223134223b693a323b733a323a223135223b693a333b733a323a223136223b693a343b733a323a223137223b693a353b733a323a223138223b693a363b733a323a223139223b693a373b733a323a223230223b693a383b733a323a223231223b693a393b733a323a223232223b693a31303b733a323a223233223b693a31313b733a323a223235223b693a31323b733a323a223236223b693a31333b733a323a223237223b693a31343b733a323a223238223b693a31353b733a323a223330223b693a31363b733a323a223331223b693a31373b733a323a223332223b693a31383b733a323a223333223b693a31393b733a323a223334223b693a32303b733a323a223335223b693a32313b733a323a223337223b693a32323b733a323a223338223b7d6465706172746d656e745f69647c733a353a225465737432223b6469766973696f6e7c4e3b756e69747c4e3b64697374726963745f69647c733a31323a2264697374726963747c313032223b64697374726963747c733a373a224b414d50414c41223b796561727c733a343a2232303232223b6d6f6e74687c733a323a223033223b646174655f66726f6d7c733a31303a22323032322d30322d3233223b646174655f746f7c733a31303a22323032322d30332d3233223b),
('ghb38406v16tejhksthsuk0i6c46fu7j', '::1', 1648130049, 0x5f5f63695f6c6173745f726567656e65726174657c693a313634383133303034393b6e616d65737c733a31323a22414e44524557204147414241223b757365725f69647c733a313a2231223b69687269735f7069647c4e3b757365726e616d657c733a343a226e636461223b726f6c657c733a363a227361646d696e223b73746174657c733a313a2231223b646174654368616e6765647c4e3b6368616e6765647c733a313a2230223b69734c6f67676564496e7c623a313b666163696c6974797c733a31323a22666163696c6974797c373837223b666163696c6974795f6e616d657c733a33313a224b616d70616c61204d756c61676f20526567696f6e616c205265666572616c223b6465706172746d656e747c733a353a225465737432223b7065726d697373696f6e737c613a32333a7b693a303b733a323a223133223b693a313b733a323a223134223b693a323b733a323a223135223b693a333b733a323a223136223b693a343b733a323a223137223b693a353b733a323a223138223b693a363b733a323a223139223b693a373b733a323a223230223b693a383b733a323a223231223b693a393b733a323a223232223b693a31303b733a323a223233223b693a31313b733a323a223235223b693a31323b733a323a223236223b693a31333b733a323a223237223b693a31343b733a323a223238223b693a31353b733a323a223330223b693a31363b733a323a223331223b693a31373b733a323a223332223b693a31383b733a323a223333223b693a31393b733a323a223334223b693a32303b733a323a223335223b693a32313b733a323a223337223b693a32323b733a323a223338223b7d6465706172746d656e745f69647c733a353a225465737432223b6469766973696f6e7c4e3b756e69747c4e3b64697374726963745f69647c733a31323a2264697374726963747c313032223b64697374726963747c733a373a224b414d50414c41223b796561727c733a343a2232303232223b6d6f6e74687c733a323a223033223b646174655f66726f6d7c733a31303a22323032322d30322d3233223b646174655f746f7c733a31303a22323032322d30332d3233223b),
('hdvl1ugkopf9ouu3qjmfjqeh6i9u1u6b', '::1', 1648119717, 0x5f5f63695f6c6173745f726567656e65726174657c693a313634383131393731373b6e616d65737c733a31323a22414e44524557204147414241223b757365725f69647c733a313a2231223b69687269735f7069647c4e3b757365726e616d657c733a343a226e636461223b726f6c657c733a363a227361646d696e223b73746174657c733a313a2231223b646174654368616e6765647c4e3b6368616e6765647c733a313a2230223b69734c6f67676564496e7c623a313b666163696c6974797c733a31323a22666163696c6974797c373837223b666163696c6974795f6e616d657c733a33313a224b616d70616c61204d756c61676f20526567696f6e616c205265666572616c223b6465706172746d656e747c733a353a225465737432223b7065726d697373696f6e737c613a32333a7b693a303b733a323a223133223b693a313b733a323a223134223b693a323b733a323a223135223b693a333b733a323a223136223b693a343b733a323a223137223b693a353b733a323a223138223b693a363b733a323a223139223b693a373b733a323a223230223b693a383b733a323a223231223b693a393b733a323a223232223b693a31303b733a323a223233223b693a31313b733a323a223235223b693a31323b733a323a223236223b693a31333b733a323a223237223b693a31343b733a323a223238223b693a31353b733a323a223330223b693a31363b733a323a223331223b693a31373b733a323a223332223b693a31383b733a323a223333223b693a31393b733a323a223334223b693a32303b733a323a223335223b693a32313b733a323a223337223b693a32323b733a323a223338223b7d6465706172746d656e745f69647c733a353a225465737432223b6469766973696f6e7c4e3b756e69747c4e3b64697374726963745f69647c733a31323a2264697374726963747c313032223b64697374726963747c733a373a224b414d50414c41223b796561727c733a343a2232303232223b6d6f6e74687c733a323a223033223b646174655f66726f6d7c733a31303a22323032322d30322d3233223b646174655f746f7c733a31303a22323032322d30332d3233223b),
('hl8b3cg4f7vk53ca09cur914gsled93o', '::1', 1648124545, 0x5f5f63695f6c6173745f726567656e65726174657c693a313634383132343534353b6e616d65737c733a31323a22414e44524557204147414241223b757365725f69647c733a313a2231223b69687269735f7069647c4e3b757365726e616d657c733a343a226e636461223b726f6c657c733a363a227361646d696e223b73746174657c733a313a2231223b646174654368616e6765647c4e3b6368616e6765647c733a313a2230223b69734c6f67676564496e7c623a313b666163696c6974797c733a31323a22666163696c6974797c373837223b666163696c6974795f6e616d657c733a33313a224b616d70616c61204d756c61676f20526567696f6e616c205265666572616c223b6465706172746d656e747c733a353a225465737432223b7065726d697373696f6e737c613a32333a7b693a303b733a323a223133223b693a313b733a323a223134223b693a323b733a323a223135223b693a333b733a323a223136223b693a343b733a323a223137223b693a353b733a323a223138223b693a363b733a323a223139223b693a373b733a323a223230223b693a383b733a323a223231223b693a393b733a323a223232223b693a31303b733a323a223233223b693a31313b733a323a223235223b693a31323b733a323a223236223b693a31333b733a323a223237223b693a31343b733a323a223238223b693a31353b733a323a223330223b693a31363b733a323a223331223b693a31373b733a323a223332223b693a31383b733a323a223333223b693a31393b733a323a223334223b693a32303b733a323a223335223b693a32313b733a323a223337223b693a32323b733a323a223338223b7d6465706172746d656e745f69647c733a353a225465737432223b6469766973696f6e7c4e3b756e69747c4e3b64697374726963745f69647c733a31323a2264697374726963747c313032223b64697374726963747c733a373a224b414d50414c41223b796561727c733a343a2232303232223b6d6f6e74687c733a323a223033223b646174655f66726f6d7c733a31303a22323032322d30322d3233223b646174655f746f7c733a31303a22323032322d30332d3233223b737563636573737c733a32393a226d656d62657273686970207361766564207375636365737366756c6c79223b5f5f63695f766172737c613a313a7b733a373a2273756363657373223b733a333a226f6c64223b7d),
('hnjfk5oh3d5s86k11stbfi5rf0v4ghik', '::1', 1648125373, 0x5f5f63695f6c6173745f726567656e65726174657c693a313634383132353337333b6e616d65737c733a31323a22414e44524557204147414241223b757365725f69647c733a313a2231223b69687269735f7069647c4e3b757365726e616d657c733a343a226e636461223b726f6c657c733a363a227361646d696e223b73746174657c733a313a2231223b646174654368616e6765647c4e3b6368616e6765647c733a313a2230223b69734c6f67676564496e7c623a313b666163696c6974797c733a31323a22666163696c6974797c373837223b666163696c6974795f6e616d657c733a33313a224b616d70616c61204d756c61676f20526567696f6e616c205265666572616c223b6465706172746d656e747c733a353a225465737432223b7065726d697373696f6e737c613a32333a7b693a303b733a323a223133223b693a313b733a323a223134223b693a323b733a323a223135223b693a333b733a323a223136223b693a343b733a323a223137223b693a353b733a323a223138223b693a363b733a323a223139223b693a373b733a323a223230223b693a383b733a323a223231223b693a393b733a323a223232223b693a31303b733a323a223233223b693a31313b733a323a223235223b693a31323b733a323a223236223b693a31333b733a323a223237223b693a31343b733a323a223238223b693a31353b733a323a223330223b693a31363b733a323a223331223b693a31373b733a323a223332223b693a31383b733a323a223333223b693a31393b733a323a223334223b693a32303b733a323a223335223b693a32313b733a323a223337223b693a32323b733a323a223338223b7d6465706172746d656e745f69647c733a353a225465737432223b6469766973696f6e7c4e3b756e69747c4e3b64697374726963745f69647c733a31323a2264697374726963747c313032223b64697374726963747c733a373a224b414d50414c41223b796561727c733a343a2232303232223b6d6f6e74687c733a323a223033223b646174655f66726f6d7c733a31303a22323032322d30322d3233223b646174655f746f7c733a31303a22323032322d30332d3233223b),
('ighjm6g3d9sfaqeb9nvg24c1po671ntf', '::1', 1648108834, 0x5f5f63695f6c6173745f726567656e65726174657c693a313634383130383833343b6e616d65737c733a31323a22414e44524557204147414241223b757365725f69647c733a313a2231223b69687269735f7069647c4e3b757365726e616d657c733a343a226e636461223b726f6c657c733a363a227361646d696e223b73746174657c733a313a2231223b646174654368616e6765647c4e3b6368616e6765647c733a313a2230223b69734c6f67676564496e7c623a313b666163696c6974797c733a31323a22666163696c6974797c373837223b666163696c6974795f6e616d657c733a33313a224b616d70616c61204d756c61676f20526567696f6e616c205265666572616c223b6465706172746d656e747c733a353a225465737432223b7065726d697373696f6e737c613a32333a7b693a303b733a323a223133223b693a313b733a323a223134223b693a323b733a323a223135223b693a333b733a323a223136223b693a343b733a323a223137223b693a353b733a323a223138223b693a363b733a323a223139223b693a373b733a323a223230223b693a383b733a323a223231223b693a393b733a323a223232223b693a31303b733a323a223233223b693a31313b733a323a223235223b693a31323b733a323a223236223b693a31333b733a323a223237223b693a31343b733a323a223238223b693a31353b733a323a223330223b693a31363b733a323a223331223b693a31373b733a323a223332223b693a31383b733a323a223333223b693a31393b733a323a223334223b693a32303b733a323a223335223b693a32313b733a323a223337223b693a32323b733a323a223338223b7d6465706172746d656e745f69647c733a353a225465737432223b6469766973696f6e7c4e3b756e69747c4e3b64697374726963745f69647c733a31323a2264697374726963747c313032223b64697374726963747c733a373a224b414d50414c41223b796561727c733a343a2232303232223b6d6f6e74687c733a323a223033223b646174655f66726f6d7c733a31303a22323032322d30322d3233223b646174655f746f7c733a31303a22323032322d30332d3233223b),
('jjl5gkmc1s2msbt70i31dfd2u0a844qb', '::1', 1648109586, 0x5f5f63695f6c6173745f726567656e65726174657c693a313634383130393538363b6e616d65737c733a31323a22414e44524557204147414241223b757365725f69647c733a313a2231223b69687269735f7069647c4e3b757365726e616d657c733a343a226e636461223b726f6c657c733a363a227361646d696e223b73746174657c733a313a2231223b646174654368616e6765647c4e3b6368616e6765647c733a313a2230223b69734c6f67676564496e7c623a313b666163696c6974797c733a31323a22666163696c6974797c373837223b666163696c6974795f6e616d657c733a33313a224b616d70616c61204d756c61676f20526567696f6e616c205265666572616c223b6465706172746d656e747c733a353a225465737432223b7065726d697373696f6e737c613a32333a7b693a303b733a323a223133223b693a313b733a323a223134223b693a323b733a323a223135223b693a333b733a323a223136223b693a343b733a323a223137223b693a353b733a323a223138223b693a363b733a323a223139223b693a373b733a323a223230223b693a383b733a323a223231223b693a393b733a323a223232223b693a31303b733a323a223233223b693a31313b733a323a223235223b693a31323b733a323a223236223b693a31333b733a323a223237223b693a31343b733a323a223238223b693a31353b733a323a223330223b693a31363b733a323a223331223b693a31373b733a323a223332223b693a31383b733a323a223333223b693a31393b733a323a223334223b693a32303b733a323a223335223b693a32313b733a323a223337223b693a32323b733a323a223338223b7d6465706172746d656e745f69647c733a353a225465737432223b6469766973696f6e7c4e3b756e69747c4e3b64697374726963745f69647c733a31323a2264697374726963747c313032223b64697374726963747c733a373a224b414d50414c41223b796561727c733a343a2232303232223b6d6f6e74687c733a323a223033223b646174655f66726f6d7c733a31303a22323032322d30322d3233223b646174655f746f7c733a31303a22323032322d30332d3233223b),
('jsemdl1rifos3ptts51b39ubvh49dccs', '::1', 1648116306, 0x5f5f63695f6c6173745f726567656e65726174657c693a313634383131363330363b6e616d65737c733a31323a22414e44524557204147414241223b757365725f69647c733a313a2231223b69687269735f7069647c4e3b757365726e616d657c733a343a226e636461223b726f6c657c733a363a227361646d696e223b73746174657c733a313a2231223b646174654368616e6765647c4e3b6368616e6765647c733a313a2230223b69734c6f67676564496e7c623a313b666163696c6974797c733a31323a22666163696c6974797c373837223b666163696c6974795f6e616d657c733a33313a224b616d70616c61204d756c61676f20526567696f6e616c205265666572616c223b6465706172746d656e747c733a353a225465737432223b7065726d697373696f6e737c613a32333a7b693a303b733a323a223133223b693a313b733a323a223134223b693a323b733a323a223135223b693a333b733a323a223136223b693a343b733a323a223137223b693a353b733a323a223138223b693a363b733a323a223139223b693a373b733a323a223230223b693a383b733a323a223231223b693a393b733a323a223232223b693a31303b733a323a223233223b693a31313b733a323a223235223b693a31323b733a323a223236223b693a31333b733a323a223237223b693a31343b733a323a223238223b693a31353b733a323a223330223b693a31363b733a323a223331223b693a31373b733a323a223332223b693a31383b733a323a223333223b693a31393b733a323a223334223b693a32303b733a323a223335223b693a32313b733a323a223337223b693a32323b733a323a223338223b7d6465706172746d656e745f69647c733a353a225465737432223b6469766973696f6e7c4e3b756e69747c4e3b64697374726963745f69647c733a31323a2264697374726963747c313032223b64697374726963747c733a373a224b414d50414c41223b796561727c733a343a2232303232223b6d6f6e74687c733a323a223033223b646174655f66726f6d7c733a31303a22323032322d30322d3233223b646174655f746f7c733a31303a22323032322d30332d3233223b),
('ki5snenml5l8964gd3doeql8l9a87095', '::1', 1648403548, 0x5f5f63695f6c6173745f726567656e65726174657c693a313634383430333531353b6e616d65737c733a31323a22414e44524557204147414241223b757365725f69647c733a313a2231223b69687269735f7069647c4e3b757365726e616d657c733a343a226e636461223b726f6c657c733a363a227361646d696e223b73746174657c733a313a2231223b646174654368616e6765647c4e3b6368616e6765647c733a313a2230223b69734c6f67676564496e7c623a313b666163696c6974797c733a31323a22666163696c6974797c373837223b666163696c6974795f6e616d657c733a33313a224b616d70616c61204d756c61676f20526567696f6e616c205265666572616c223b6465706172746d656e747c733a353a225465737432223b7065726d697373696f6e737c613a32333a7b693a303b733a323a223133223b693a313b733a323a223134223b693a323b733a323a223135223b693a333b733a323a223136223b693a343b733a323a223137223b693a353b733a323a223138223b693a363b733a323a223139223b693a373b733a323a223230223b693a383b733a323a223231223b693a393b733a323a223232223b693a31303b733a323a223233223b693a31313b733a323a223235223b693a31323b733a323a223236223b693a31333b733a323a223237223b693a31343b733a323a223238223b693a31353b733a323a223330223b693a31363b733a323a223331223b693a31373b733a323a223332223b693a31383b733a323a223333223b693a31393b733a323a223334223b693a32303b733a323a223335223b693a32313b733a323a223337223b693a32323b733a323a223338223b7d6465706172746d656e745f69647c733a353a225465737432223b6469766973696f6e7c4e3b756e69747c4e3b64697374726963745f69647c733a31323a2264697374726963747c313032223b64697374726963747c733a373a224b414d50414c41223b796561727c733a343a2232303232223b6d6f6e74687c733a323a223033223b646174655f66726f6d7c733a31303a22323032322d30322d3237223b646174655f746f7c733a31303a22323032322d30332d3237223b),
('la8nh2h9a1qb01denah3ddn8lhnv7hol', '::1', 1648127570, 0x5f5f63695f6c6173745f726567656e65726174657c693a313634383132373537303b6e616d65737c733a31323a22414e44524557204147414241223b757365725f69647c733a313a2231223b69687269735f7069647c4e3b757365726e616d657c733a343a226e636461223b726f6c657c733a363a227361646d696e223b73746174657c733a313a2231223b646174654368616e6765647c4e3b6368616e6765647c733a313a2230223b69734c6f67676564496e7c623a313b666163696c6974797c733a31323a22666163696c6974797c373837223b666163696c6974795f6e616d657c733a33313a224b616d70616c61204d756c61676f20526567696f6e616c205265666572616c223b6465706172746d656e747c733a353a225465737432223b7065726d697373696f6e737c613a32333a7b693a303b733a323a223133223b693a313b733a323a223134223b693a323b733a323a223135223b693a333b733a323a223136223b693a343b733a323a223137223b693a353b733a323a223138223b693a363b733a323a223139223b693a373b733a323a223230223b693a383b733a323a223231223b693a393b733a323a223232223b693a31303b733a323a223233223b693a31313b733a323a223235223b693a31323b733a323a223236223b693a31333b733a323a223237223b693a31343b733a323a223238223b693a31353b733a323a223330223b693a31363b733a323a223331223b693a31373b733a323a223332223b693a31383b733a323a223333223b693a31393b733a323a223334223b693a32303b733a323a223335223b693a32313b733a323a223337223b693a32323b733a323a223338223b7d6465706172746d656e745f69647c733a353a225465737432223b6469766973696f6e7c4e3b756e69747c4e3b64697374726963745f69647c733a31323a2264697374726963747c313032223b64697374726963747c733a373a224b414d50414c41223b796561727c733a343a2232303232223b6d6f6e74687c733a323a223033223b646174655f66726f6d7c733a31303a22323032322d30322d3233223b646174655f746f7c733a31303a22323032322d30332d3233223b),
('lkgkums8ft2a3roelo2ph70dblujois1', '::1', 1648128868, 0x5f5f63695f6c6173745f726567656e65726174657c693a313634383132383836383b6e616d65737c733a31323a22414e44524557204147414241223b757365725f69647c733a313a2231223b69687269735f7069647c4e3b757365726e616d657c733a343a226e636461223b726f6c657c733a363a227361646d696e223b73746174657c733a313a2231223b646174654368616e6765647c4e3b6368616e6765647c733a313a2230223b69734c6f67676564496e7c623a313b666163696c6974797c733a31323a22666163696c6974797c373837223b666163696c6974795f6e616d657c733a33313a224b616d70616c61204d756c61676f20526567696f6e616c205265666572616c223b6465706172746d656e747c733a353a225465737432223b7065726d697373696f6e737c613a32333a7b693a303b733a323a223133223b693a313b733a323a223134223b693a323b733a323a223135223b693a333b733a323a223136223b693a343b733a323a223137223b693a353b733a323a223138223b693a363b733a323a223139223b693a373b733a323a223230223b693a383b733a323a223231223b693a393b733a323a223232223b693a31303b733a323a223233223b693a31313b733a323a223235223b693a31323b733a323a223236223b693a31333b733a323a223237223b693a31343b733a323a223238223b693a31353b733a323a223330223b693a31363b733a323a223331223b693a31373b733a323a223332223b693a31383b733a323a223333223b693a31393b733a323a223334223b693a32303b733a323a223335223b693a32313b733a323a223337223b693a32323b733a323a223338223b7d6465706172746d656e745f69647c733a353a225465737432223b6469766973696f6e7c4e3b756e69747c4e3b64697374726963745f69647c733a31323a2264697374726963747c313032223b64697374726963747c733a373a224b414d50414c41223b796561727c733a343a2232303232223b6d6f6e74687c733a323a223033223b646174655f66726f6d7c733a31303a22323032322d30322d3233223b646174655f746f7c733a31303a22323032322d30332d3233223b),
('mergtlohlt5ngmc6f6mdubd81hp7ff5n', '::1', 1648129388, 0x5f5f63695f6c6173745f726567656e65726174657c693a313634383132393338383b6e616d65737c733a31323a22414e44524557204147414241223b757365725f69647c733a313a2231223b69687269735f7069647c4e3b757365726e616d657c733a343a226e636461223b726f6c657c733a363a227361646d696e223b73746174657c733a313a2231223b646174654368616e6765647c4e3b6368616e6765647c733a313a2230223b69734c6f67676564496e7c623a313b666163696c6974797c733a31323a22666163696c6974797c373837223b666163696c6974795f6e616d657c733a33313a224b616d70616c61204d756c61676f20526567696f6e616c205265666572616c223b6465706172746d656e747c733a353a225465737432223b7065726d697373696f6e737c613a32333a7b693a303b733a323a223133223b693a313b733a323a223134223b693a323b733a323a223135223b693a333b733a323a223136223b693a343b733a323a223137223b693a353b733a323a223138223b693a363b733a323a223139223b693a373b733a323a223230223b693a383b733a323a223231223b693a393b733a323a223232223b693a31303b733a323a223233223b693a31313b733a323a223235223b693a31323b733a323a223236223b693a31333b733a323a223237223b693a31343b733a323a223238223b693a31353b733a323a223330223b693a31363b733a323a223331223b693a31373b733a323a223332223b693a31383b733a323a223333223b693a31393b733a323a223334223b693a32303b733a323a223335223b693a32313b733a323a223337223b693a32323b733a323a223338223b7d6465706172746d656e745f69647c733a353a225465737432223b6469766973696f6e7c4e3b756e69747c4e3b64697374726963745f69647c733a31323a2264697374726963747c313032223b64697374726963747c733a373a224b414d50414c41223b796561727c733a343a2232303232223b6d6f6e74687c733a323a223033223b646174655f66726f6d7c733a31303a22323032322d30322d3233223b646174655f746f7c733a31303a22323032322d30332d3233223b),
('mhvf3f361b6poa9g0tec7sh0anlbgjv6', '::1', 1648118300, 0x5f5f63695f6c6173745f726567656e65726174657c693a313634383131383330303b6e616d65737c733a31323a22414e44524557204147414241223b757365725f69647c733a313a2231223b69687269735f7069647c4e3b757365726e616d657c733a343a226e636461223b726f6c657c733a363a227361646d696e223b73746174657c733a313a2231223b646174654368616e6765647c4e3b6368616e6765647c733a313a2230223b69734c6f67676564496e7c623a313b666163696c6974797c733a31323a22666163696c6974797c373837223b666163696c6974795f6e616d657c733a33313a224b616d70616c61204d756c61676f20526567696f6e616c205265666572616c223b6465706172746d656e747c733a353a225465737432223b7065726d697373696f6e737c613a32333a7b693a303b733a323a223133223b693a313b733a323a223134223b693a323b733a323a223135223b693a333b733a323a223136223b693a343b733a323a223137223b693a353b733a323a223138223b693a363b733a323a223139223b693a373b733a323a223230223b693a383b733a323a223231223b693a393b733a323a223232223b693a31303b733a323a223233223b693a31313b733a323a223235223b693a31323b733a323a223236223b693a31333b733a323a223237223b693a31343b733a323a223238223b693a31353b733a323a223330223b693a31363b733a323a223331223b693a31373b733a323a223332223b693a31383b733a323a223333223b693a31393b733a323a223334223b693a32303b733a323a223335223b693a32313b733a323a223337223b693a32323b733a323a223338223b7d6465706172746d656e745f69647c733a353a225465737432223b6469766973696f6e7c4e3b756e69747c4e3b64697374726963745f69647c733a31323a2264697374726963747c313032223b64697374726963747c733a373a224b414d50414c41223b796561727c733a343a2232303232223b6d6f6e74687c733a323a223033223b646174655f66726f6d7c733a31303a22323032322d30322d3233223b646174655f746f7c733a31303a22323032322d30332d3233223b);
INSERT INTO `access_sessions` (`id`, `ip_address`, `timestamp`, `data`) VALUES
('n05nl556i6ej76ku449n6k2h03pflb7o', '::1', 1648111225, 0x5f5f63695f6c6173745f726567656e65726174657c693a313634383131313232353b6e616d65737c733a31323a22414e44524557204147414241223b757365725f69647c733a313a2231223b69687269735f7069647c4e3b757365726e616d657c733a343a226e636461223b726f6c657c733a363a227361646d696e223b73746174657c733a313a2231223b646174654368616e6765647c4e3b6368616e6765647c733a313a2230223b69734c6f67676564496e7c623a313b666163696c6974797c733a31323a22666163696c6974797c373837223b666163696c6974795f6e616d657c733a33313a224b616d70616c61204d756c61676f20526567696f6e616c205265666572616c223b6465706172746d656e747c733a353a225465737432223b7065726d697373696f6e737c613a32333a7b693a303b733a323a223133223b693a313b733a323a223134223b693a323b733a323a223135223b693a333b733a323a223136223b693a343b733a323a223137223b693a353b733a323a223138223b693a363b733a323a223139223b693a373b733a323a223230223b693a383b733a323a223231223b693a393b733a323a223232223b693a31303b733a323a223233223b693a31313b733a323a223235223b693a31323b733a323a223236223b693a31333b733a323a223237223b693a31343b733a323a223238223b693a31353b733a323a223330223b693a31363b733a323a223331223b693a31373b733a323a223332223b693a31383b733a323a223333223b693a31393b733a323a223334223b693a32303b733a323a223335223b693a32313b733a323a223337223b693a32323b733a323a223338223b7d6465706172746d656e745f69647c733a353a225465737432223b6469766973696f6e7c4e3b756e69747c4e3b64697374726963745f69647c733a31323a2264697374726963747c313032223b64697374726963747c733a373a224b414d50414c41223b796561727c733a343a2232303232223b6d6f6e74687c733a323a223033223b646174655f66726f6d7c733a31303a22323032322d30322d3233223b646174655f746f7c733a31303a22323032322d30332d3233223b),
('oue825213qfpokcdvm5bqf3429oihht0', '::1', 1648132686, 0x5f5f63695f6c6173745f726567656e65726174657c693a313634383133323638363b6e616d65737c733a31323a22414e44524557204147414241223b757365725f69647c733a313a2231223b69687269735f7069647c4e3b757365726e616d657c733a343a226e636461223b726f6c657c733a363a227361646d696e223b73746174657c733a313a2231223b646174654368616e6765647c4e3b6368616e6765647c733a313a2230223b69734c6f67676564496e7c623a313b666163696c6974797c733a31323a22666163696c6974797c373837223b666163696c6974795f6e616d657c733a33313a224b616d70616c61204d756c61676f20526567696f6e616c205265666572616c223b6465706172746d656e747c733a353a225465737432223b7065726d697373696f6e737c613a32333a7b693a303b733a323a223133223b693a313b733a323a223134223b693a323b733a323a223135223b693a333b733a323a223136223b693a343b733a323a223137223b693a353b733a323a223138223b693a363b733a323a223139223b693a373b733a323a223230223b693a383b733a323a223231223b693a393b733a323a223232223b693a31303b733a323a223233223b693a31313b733a323a223235223b693a31323b733a323a223236223b693a31333b733a323a223237223b693a31343b733a323a223238223b693a31353b733a323a223330223b693a31363b733a323a223331223b693a31373b733a323a223332223b693a31383b733a323a223333223b693a31393b733a323a223334223b693a32303b733a323a223335223b693a32313b733a323a223337223b693a32323b733a323a223338223b7d6465706172746d656e745f69647c733a353a225465737432223b6469766973696f6e7c4e3b756e69747c4e3b64697374726963745f69647c733a31323a2264697374726963747c313032223b64697374726963747c733a373a224b414d50414c41223b796561727c733a343a2232303232223b6d6f6e74687c733a323a223033223b646174655f66726f6d7c733a31303a22323032322d30322d3233223b646174655f746f7c733a31303a22323032322d30332d3233223b),
('p6hccep4ipn2lhb83jld19ubdg5rs61o', '::1', 1648113077, 0x5f5f63695f6c6173745f726567656e65726174657c693a313634383131333037373b6e616d65737c733a31323a22414e44524557204147414241223b757365725f69647c733a313a2231223b69687269735f7069647c4e3b757365726e616d657c733a343a226e636461223b726f6c657c733a363a227361646d696e223b73746174657c733a313a2231223b646174654368616e6765647c4e3b6368616e6765647c733a313a2230223b69734c6f67676564496e7c623a313b666163696c6974797c733a31323a22666163696c6974797c373837223b666163696c6974795f6e616d657c733a33313a224b616d70616c61204d756c61676f20526567696f6e616c205265666572616c223b6465706172746d656e747c733a353a225465737432223b7065726d697373696f6e737c613a32333a7b693a303b733a323a223133223b693a313b733a323a223134223b693a323b733a323a223135223b693a333b733a323a223136223b693a343b733a323a223137223b693a353b733a323a223138223b693a363b733a323a223139223b693a373b733a323a223230223b693a383b733a323a223231223b693a393b733a323a223232223b693a31303b733a323a223233223b693a31313b733a323a223235223b693a31323b733a323a223236223b693a31333b733a323a223237223b693a31343b733a323a223238223b693a31353b733a323a223330223b693a31363b733a323a223331223b693a31373b733a323a223332223b693a31383b733a323a223333223b693a31393b733a323a223334223b693a32303b733a323a223335223b693a32313b733a323a223337223b693a32323b733a323a223338223b7d6465706172746d656e745f69647c733a353a225465737432223b6469766973696f6e7c4e3b756e69747c4e3b64697374726963745f69647c733a31323a2264697374726963747c313032223b64697374726963747c733a373a224b414d50414c41223b796561727c733a343a2232303232223b6d6f6e74687c733a323a223033223b646174655f66726f6d7c733a31303a22323032322d30322d3233223b646174655f746f7c733a31303a22323032322d30332d3233223b),
('p9b02qvaj8c3g4im12ll4pmok8s79bn5', '::1', 1648132842, 0x5f5f63695f6c6173745f726567656e65726174657c693a313634383133323638363b6e616d65737c733a31323a22414e44524557204147414241223b757365725f69647c733a313a2231223b69687269735f7069647c4e3b757365726e616d657c733a343a226e636461223b726f6c657c733a363a227361646d696e223b73746174657c733a313a2231223b646174654368616e6765647c4e3b6368616e6765647c733a313a2230223b69734c6f67676564496e7c623a313b666163696c6974797c733a31323a22666163696c6974797c373837223b666163696c6974795f6e616d657c733a33313a224b616d70616c61204d756c61676f20526567696f6e616c205265666572616c223b6465706172746d656e747c733a353a225465737432223b7065726d697373696f6e737c613a32333a7b693a303b733a323a223133223b693a313b733a323a223134223b693a323b733a323a223135223b693a333b733a323a223136223b693a343b733a323a223137223b693a353b733a323a223138223b693a363b733a323a223139223b693a373b733a323a223230223b693a383b733a323a223231223b693a393b733a323a223232223b693a31303b733a323a223233223b693a31313b733a323a223235223b693a31323b733a323a223236223b693a31333b733a323a223237223b693a31343b733a323a223238223b693a31353b733a323a223330223b693a31363b733a323a223331223b693a31373b733a323a223332223b693a31383b733a323a223333223b693a31393b733a323a223334223b693a32303b733a323a223335223b693a32313b733a323a223337223b693a32323b733a323a223338223b7d6465706172746d656e745f69647c733a353a225465737432223b6469766973696f6e7c4e3b756e69747c4e3b64697374726963745f69647c733a31323a2264697374726963747c313032223b64697374726963747c733a373a224b414d50414c41223b796561727c733a343a2232303232223b6d6f6e74687c733a323a223033223b646174655f66726f6d7c733a31303a22323032322d30322d3233223b646174655f746f7c733a31303a22323032322d30332d3233223b),
('pd1jsdou1mambgh5oqcebfcsthh06oun', '::1', 1648131476, 0x5f5f63695f6c6173745f726567656e65726174657c693a313634383133313437363b6e616d65737c733a31323a22414e44524557204147414241223b757365725f69647c733a313a2231223b69687269735f7069647c4e3b757365726e616d657c733a343a226e636461223b726f6c657c733a363a227361646d696e223b73746174657c733a313a2231223b646174654368616e6765647c4e3b6368616e6765647c733a313a2230223b69734c6f67676564496e7c623a313b666163696c6974797c733a31323a22666163696c6974797c373837223b666163696c6974795f6e616d657c733a33313a224b616d70616c61204d756c61676f20526567696f6e616c205265666572616c223b6465706172746d656e747c733a353a225465737432223b7065726d697373696f6e737c613a32333a7b693a303b733a323a223133223b693a313b733a323a223134223b693a323b733a323a223135223b693a333b733a323a223136223b693a343b733a323a223137223b693a353b733a323a223138223b693a363b733a323a223139223b693a373b733a323a223230223b693a383b733a323a223231223b693a393b733a323a223232223b693a31303b733a323a223233223b693a31313b733a323a223235223b693a31323b733a323a223236223b693a31333b733a323a223237223b693a31343b733a323a223238223b693a31353b733a323a223330223b693a31363b733a323a223331223b693a31373b733a323a223332223b693a31383b733a323a223333223b693a31393b733a323a223334223b693a32303b733a323a223335223b693a32313b733a323a223337223b693a32323b733a323a223338223b7d6465706172746d656e745f69647c733a353a225465737432223b6469766973696f6e7c4e3b756e69747c4e3b64697374726963745f69647c733a31323a2264697374726963747c313032223b64697374726963747c733a373a224b414d50414c41223b796561727c733a343a2232303232223b6d6f6e74687c733a323a223033223b646174655f66726f6d7c733a31303a22323032322d30322d3233223b646174655f746f7c733a31303a22323032322d30332d3233223b),
('pr34c0vbptsjoo19ptq7n2tbqg8prn5g', '::1', 1648114251, 0x5f5f63695f6c6173745f726567656e65726174657c693a313634383131343235313b6e616d65737c733a31323a22414e44524557204147414241223b757365725f69647c733a313a2231223b69687269735f7069647c4e3b757365726e616d657c733a343a226e636461223b726f6c657c733a363a227361646d696e223b73746174657c733a313a2231223b646174654368616e6765647c4e3b6368616e6765647c733a313a2230223b69734c6f67676564496e7c623a313b666163696c6974797c733a31323a22666163696c6974797c373837223b666163696c6974795f6e616d657c733a33313a224b616d70616c61204d756c61676f20526567696f6e616c205265666572616c223b6465706172746d656e747c733a353a225465737432223b7065726d697373696f6e737c613a32333a7b693a303b733a323a223133223b693a313b733a323a223134223b693a323b733a323a223135223b693a333b733a323a223136223b693a343b733a323a223137223b693a353b733a323a223138223b693a363b733a323a223139223b693a373b733a323a223230223b693a383b733a323a223231223b693a393b733a323a223232223b693a31303b733a323a223233223b693a31313b733a323a223235223b693a31323b733a323a223236223b693a31333b733a323a223237223b693a31343b733a323a223238223b693a31353b733a323a223330223b693a31363b733a323a223331223b693a31373b733a323a223332223b693a31383b733a323a223333223b693a31393b733a323a223334223b693a32303b733a323a223335223b693a32313b733a323a223337223b693a32323b733a323a223338223b7d6465706172746d656e745f69647c733a353a225465737432223b6469766973696f6e7c4e3b756e69747c4e3b64697374726963745f69647c733a31323a2264697374726963747c313032223b64697374726963747c733a373a224b414d50414c41223b796561727c733a343a2232303232223b6d6f6e74687c733a323a223033223b646174655f66726f6d7c733a31303a22323032322d30322d3233223b646174655f746f7c733a31303a22323032322d30332d3233223b),
('qe3go66n079np6occftujl89o3cb1002', '::1', 1648119398, 0x5f5f63695f6c6173745f726567656e65726174657c693a313634383131393339383b6e616d65737c733a31323a22414e44524557204147414241223b757365725f69647c733a313a2231223b69687269735f7069647c4e3b757365726e616d657c733a343a226e636461223b726f6c657c733a363a227361646d696e223b73746174657c733a313a2231223b646174654368616e6765647c4e3b6368616e6765647c733a313a2230223b69734c6f67676564496e7c623a313b666163696c6974797c733a31323a22666163696c6974797c373837223b666163696c6974795f6e616d657c733a33313a224b616d70616c61204d756c61676f20526567696f6e616c205265666572616c223b6465706172746d656e747c733a353a225465737432223b7065726d697373696f6e737c613a32333a7b693a303b733a323a223133223b693a313b733a323a223134223b693a323b733a323a223135223b693a333b733a323a223136223b693a343b733a323a223137223b693a353b733a323a223138223b693a363b733a323a223139223b693a373b733a323a223230223b693a383b733a323a223231223b693a393b733a323a223232223b693a31303b733a323a223233223b693a31313b733a323a223235223b693a31323b733a323a223236223b693a31333b733a323a223237223b693a31343b733a323a223238223b693a31353b733a323a223330223b693a31363b733a323a223331223b693a31373b733a323a223332223b693a31383b733a323a223333223b693a31393b733a323a223334223b693a32303b733a323a223335223b693a32313b733a323a223337223b693a32323b733a323a223338223b7d6465706172746d656e745f69647c733a353a225465737432223b6469766973696f6e7c4e3b756e69747c4e3b64697374726963745f69647c733a31323a2264697374726963747c313032223b64697374726963747c733a373a224b414d50414c41223b796561727c733a343a2232303232223b6d6f6e74687c733a323a223033223b646174655f66726f6d7c733a31303a22323032322d30322d3233223b646174655f746f7c733a31303a22323032322d30332d3233223b),
('qmbm1u85kp9kaiktolvcamoit86qmqdk', '::1', 1648111527, 0x5f5f63695f6c6173745f726567656e65726174657c693a313634383131313532373b6e616d65737c733a31323a22414e44524557204147414241223b757365725f69647c733a313a2231223b69687269735f7069647c4e3b757365726e616d657c733a343a226e636461223b726f6c657c733a363a227361646d696e223b73746174657c733a313a2231223b646174654368616e6765647c4e3b6368616e6765647c733a313a2230223b69734c6f67676564496e7c623a313b666163696c6974797c733a31323a22666163696c6974797c373837223b666163696c6974795f6e616d657c733a33313a224b616d70616c61204d756c61676f20526567696f6e616c205265666572616c223b6465706172746d656e747c733a353a225465737432223b7065726d697373696f6e737c613a32333a7b693a303b733a323a223133223b693a313b733a323a223134223b693a323b733a323a223135223b693a333b733a323a223136223b693a343b733a323a223137223b693a353b733a323a223138223b693a363b733a323a223139223b693a373b733a323a223230223b693a383b733a323a223231223b693a393b733a323a223232223b693a31303b733a323a223233223b693a31313b733a323a223235223b693a31323b733a323a223236223b693a31333b733a323a223237223b693a31343b733a323a223238223b693a31353b733a323a223330223b693a31363b733a323a223331223b693a31373b733a323a223332223b693a31383b733a323a223333223b693a31393b733a323a223334223b693a32303b733a323a223335223b693a32313b733a323a223337223b693a32323b733a323a223338223b7d6465706172746d656e745f69647c733a353a225465737432223b6469766973696f6e7c4e3b756e69747c4e3b64697374726963745f69647c733a31323a2264697374726963747c313032223b64697374726963747c733a373a224b414d50414c41223b796561727c733a343a2232303232223b6d6f6e74687c733a323a223033223b646174655f66726f6d7c733a31303a22323032322d30322d3233223b646174655f746f7c733a31303a22323032322d30332d3233223b),
('r1md96p0920ua720465vnj4c312m9olb', '::1', 1648129747, 0x5f5f63695f6c6173745f726567656e65726174657c693a313634383132393734373b6e616d65737c733a31323a22414e44524557204147414241223b757365725f69647c733a313a2231223b69687269735f7069647c4e3b757365726e616d657c733a343a226e636461223b726f6c657c733a363a227361646d696e223b73746174657c733a313a2231223b646174654368616e6765647c4e3b6368616e6765647c733a313a2230223b69734c6f67676564496e7c623a313b666163696c6974797c733a31323a22666163696c6974797c373837223b666163696c6974795f6e616d657c733a33313a224b616d70616c61204d756c61676f20526567696f6e616c205265666572616c223b6465706172746d656e747c733a353a225465737432223b7065726d697373696f6e737c613a32333a7b693a303b733a323a223133223b693a313b733a323a223134223b693a323b733a323a223135223b693a333b733a323a223136223b693a343b733a323a223137223b693a353b733a323a223138223b693a363b733a323a223139223b693a373b733a323a223230223b693a383b733a323a223231223b693a393b733a323a223232223b693a31303b733a323a223233223b693a31313b733a323a223235223b693a31323b733a323a223236223b693a31333b733a323a223237223b693a31343b733a323a223238223b693a31353b733a323a223330223b693a31363b733a323a223331223b693a31373b733a323a223332223b693a31383b733a323a223333223b693a31393b733a323a223334223b693a32303b733a323a223335223b693a32313b733a323a223337223b693a32323b733a323a223338223b7d6465706172746d656e745f69647c733a353a225465737432223b6469766973696f6e7c4e3b756e69747c4e3b64697374726963745f69647c733a31323a2264697374726963747c313032223b64697374726963747c733a373a224b414d50414c41223b796561727c733a343a2232303232223b6d6f6e74687c733a323a223033223b646174655f66726f6d7c733a31303a22323032322d30322d3233223b646174655f746f7c733a31303a22323032322d30332d3233223b),
('r30q4ceh2mquo7funs8sga4pas5ji0gg', '::1', 1648109284, 0x5f5f63695f6c6173745f726567656e65726174657c693a313634383130393238343b6e616d65737c733a31323a22414e44524557204147414241223b757365725f69647c733a313a2231223b69687269735f7069647c4e3b757365726e616d657c733a343a226e636461223b726f6c657c733a363a227361646d696e223b73746174657c733a313a2231223b646174654368616e6765647c4e3b6368616e6765647c733a313a2230223b69734c6f67676564496e7c623a313b666163696c6974797c733a31323a22666163696c6974797c373837223b666163696c6974795f6e616d657c733a33313a224b616d70616c61204d756c61676f20526567696f6e616c205265666572616c223b6465706172746d656e747c733a353a225465737432223b7065726d697373696f6e737c613a32333a7b693a303b733a323a223133223b693a313b733a323a223134223b693a323b733a323a223135223b693a333b733a323a223136223b693a343b733a323a223137223b693a353b733a323a223138223b693a363b733a323a223139223b693a373b733a323a223230223b693a383b733a323a223231223b693a393b733a323a223232223b693a31303b733a323a223233223b693a31313b733a323a223235223b693a31323b733a323a223236223b693a31333b733a323a223237223b693a31343b733a323a223238223b693a31353b733a323a223330223b693a31363b733a323a223331223b693a31373b733a323a223332223b693a31383b733a323a223333223b693a31393b733a323a223334223b693a32303b733a323a223335223b693a32313b733a323a223337223b693a32323b733a323a223338223b7d6465706172746d656e745f69647c733a353a225465737432223b6469766973696f6e7c4e3b756e69747c4e3b64697374726963745f69647c733a31323a2264697374726963747c313032223b64697374726963747c733a373a224b414d50414c41223b796561727c733a343a2232303232223b6d6f6e74687c733a323a223033223b646174655f66726f6d7c733a31303a22323032322d30322d3233223b646174655f746f7c733a31303a22323032322d30332d3233223b),
('raiai1bi0sp46qj4j57rphq2ta92h7an', '::1', 1648110544, 0x5f5f63695f6c6173745f726567656e65726174657c693a313634383131303534343b6e616d65737c733a31323a22414e44524557204147414241223b757365725f69647c733a313a2231223b69687269735f7069647c4e3b757365726e616d657c733a343a226e636461223b726f6c657c733a363a227361646d696e223b73746174657c733a313a2231223b646174654368616e6765647c4e3b6368616e6765647c733a313a2230223b69734c6f67676564496e7c623a313b666163696c6974797c733a31323a22666163696c6974797c373837223b666163696c6974795f6e616d657c733a33313a224b616d70616c61204d756c61676f20526567696f6e616c205265666572616c223b6465706172746d656e747c733a353a225465737432223b7065726d697373696f6e737c613a32333a7b693a303b733a323a223133223b693a313b733a323a223134223b693a323b733a323a223135223b693a333b733a323a223136223b693a343b733a323a223137223b693a353b733a323a223138223b693a363b733a323a223139223b693a373b733a323a223230223b693a383b733a323a223231223b693a393b733a323a223232223b693a31303b733a323a223233223b693a31313b733a323a223235223b693a31323b733a323a223236223b693a31333b733a323a223237223b693a31343b733a323a223238223b693a31353b733a323a223330223b693a31363b733a323a223331223b693a31373b733a323a223332223b693a31383b733a323a223333223b693a31393b733a323a223334223b693a32303b733a323a223335223b693a32313b733a323a223337223b693a32323b733a323a223338223b7d6465706172746d656e745f69647c733a353a225465737432223b6469766973696f6e7c4e3b756e69747c4e3b64697374726963745f69647c733a31323a2264697374726963747c313032223b64697374726963747c733a373a224b414d50414c41223b796561727c733a343a2232303232223b6d6f6e74687c733a323a223033223b646174655f66726f6d7c733a31303a22323032322d30322d3233223b646174655f746f7c733a31303a22323032322d30332d3233223b),
('reqo3d225hp9m3b97r9hoq2mf79e2t16', '::1', 1648114857, 0x5f5f63695f6c6173745f726567656e65726174657c693a313634383131343835373b6e616d65737c733a31323a22414e44524557204147414241223b757365725f69647c733a313a2231223b69687269735f7069647c4e3b757365726e616d657c733a343a226e636461223b726f6c657c733a363a227361646d696e223b73746174657c733a313a2231223b646174654368616e6765647c4e3b6368616e6765647c733a313a2230223b69734c6f67676564496e7c623a313b666163696c6974797c733a31323a22666163696c6974797c373837223b666163696c6974795f6e616d657c733a33313a224b616d70616c61204d756c61676f20526567696f6e616c205265666572616c223b6465706172746d656e747c733a353a225465737432223b7065726d697373696f6e737c613a32333a7b693a303b733a323a223133223b693a313b733a323a223134223b693a323b733a323a223135223b693a333b733a323a223136223b693a343b733a323a223137223b693a353b733a323a223138223b693a363b733a323a223139223b693a373b733a323a223230223b693a383b733a323a223231223b693a393b733a323a223232223b693a31303b733a323a223233223b693a31313b733a323a223235223b693a31323b733a323a223236223b693a31333b733a323a223237223b693a31343b733a323a223238223b693a31353b733a323a223330223b693a31363b733a323a223331223b693a31373b733a323a223332223b693a31383b733a323a223333223b693a31393b733a323a223334223b693a32303b733a323a223335223b693a32313b733a323a223337223b693a32323b733a323a223338223b7d6465706172746d656e745f69647c733a353a225465737432223b6469766973696f6e7c4e3b756e69747c4e3b64697374726963745f69647c733a31323a2264697374726963747c313032223b64697374726963747c733a373a224b414d50414c41223b796561727c733a343a2232303232223b6d6f6e74687c733a323a223033223b646174655f66726f6d7c733a31303a22323032322d30322d3233223b646174655f746f7c733a31303a22323032322d30332d3233223b),
('rijga79rtanc36t31l0eucuvohd2rof6', '::1', 1648112764, 0x5f5f63695f6c6173745f726567656e65726174657c693a313634383131323736343b6e616d65737c733a31323a22414e44524557204147414241223b757365725f69647c733a313a2231223b69687269735f7069647c4e3b757365726e616d657c733a343a226e636461223b726f6c657c733a363a227361646d696e223b73746174657c733a313a2231223b646174654368616e6765647c4e3b6368616e6765647c733a313a2230223b69734c6f67676564496e7c623a313b666163696c6974797c733a31323a22666163696c6974797c373837223b666163696c6974795f6e616d657c733a33313a224b616d70616c61204d756c61676f20526567696f6e616c205265666572616c223b6465706172746d656e747c733a353a225465737432223b7065726d697373696f6e737c613a32333a7b693a303b733a323a223133223b693a313b733a323a223134223b693a323b733a323a223135223b693a333b733a323a223136223b693a343b733a323a223137223b693a353b733a323a223138223b693a363b733a323a223139223b693a373b733a323a223230223b693a383b733a323a223231223b693a393b733a323a223232223b693a31303b733a323a223233223b693a31313b733a323a223235223b693a31323b733a323a223236223b693a31333b733a323a223237223b693a31343b733a323a223238223b693a31353b733a323a223330223b693a31363b733a323a223331223b693a31373b733a323a223332223b693a31383b733a323a223333223b693a31393b733a323a223334223b693a32303b733a323a223335223b693a32313b733a323a223337223b693a32323b733a323a223338223b7d6465706172746d656e745f69647c733a353a225465737432223b6469766973696f6e7c4e3b756e69747c4e3b64697374726963745f69647c733a31323a2264697374726963747c313032223b64697374726963747c733a373a224b414d50414c41223b796561727c733a343a2232303232223b6d6f6e74687c733a323a223033223b646174655f66726f6d7c733a31303a22323032322d30322d3233223b646174655f746f7c733a31303a22323032322d30332d3233223b737563636573737c733a32393a226d656d62657273686970207361766564207375636365737366756c6c79223b5f5f63695f766172737c613a313a7b733a373a2273756363657373223b733a333a226f6c64223b7d),
('rqo8pssdn3j6qild2smk82t1kqb53g9n', '::1', 1648131164, 0x5f5f63695f6c6173745f726567656e65726174657c693a313634383133313136343b6e616d65737c733a31323a22414e44524557204147414241223b757365725f69647c733a313a2231223b69687269735f7069647c4e3b757365726e616d657c733a343a226e636461223b726f6c657c733a363a227361646d696e223b73746174657c733a313a2231223b646174654368616e6765647c4e3b6368616e6765647c733a313a2230223b69734c6f67676564496e7c623a313b666163696c6974797c733a31323a22666163696c6974797c373837223b666163696c6974795f6e616d657c733a33313a224b616d70616c61204d756c61676f20526567696f6e616c205265666572616c223b6465706172746d656e747c733a353a225465737432223b7065726d697373696f6e737c613a32333a7b693a303b733a323a223133223b693a313b733a323a223134223b693a323b733a323a223135223b693a333b733a323a223136223b693a343b733a323a223137223b693a353b733a323a223138223b693a363b733a323a223139223b693a373b733a323a223230223b693a383b733a323a223231223b693a393b733a323a223232223b693a31303b733a323a223233223b693a31313b733a323a223235223b693a31323b733a323a223236223b693a31333b733a323a223237223b693a31343b733a323a223238223b693a31353b733a323a223330223b693a31363b733a323a223331223b693a31373b733a323a223332223b693a31383b733a323a223333223b693a31393b733a323a223334223b693a32303b733a323a223335223b693a32313b733a323a223337223b693a32323b733a323a223338223b7d6465706172746d656e745f69647c733a353a225465737432223b6469766973696f6e7c4e3b756e69747c4e3b64697374726963745f69647c733a31323a2264697374726963747c313032223b64697374726963747c733a373a224b414d50414c41223b796561727c733a343a2232303232223b6d6f6e74687c733a323a223033223b646174655f66726f6d7c733a31303a22323032322d30322d3233223b646174655f746f7c733a31303a22323032322d30332d3233223b),
('t2s7kl2p3qoin3caecq5l2qus0sqiqk3', '::1', 1648125021, 0x5f5f63695f6c6173745f726567656e65726174657c693a313634383132353032313b6e616d65737c733a31323a22414e44524557204147414241223b757365725f69647c733a313a2231223b69687269735f7069647c4e3b757365726e616d657c733a343a226e636461223b726f6c657c733a363a227361646d696e223b73746174657c733a313a2231223b646174654368616e6765647c4e3b6368616e6765647c733a313a2230223b69734c6f67676564496e7c623a313b666163696c6974797c733a31323a22666163696c6974797c373837223b666163696c6974795f6e616d657c733a33313a224b616d70616c61204d756c61676f20526567696f6e616c205265666572616c223b6465706172746d656e747c733a353a225465737432223b7065726d697373696f6e737c613a32333a7b693a303b733a323a223133223b693a313b733a323a223134223b693a323b733a323a223135223b693a333b733a323a223136223b693a343b733a323a223137223b693a353b733a323a223138223b693a363b733a323a223139223b693a373b733a323a223230223b693a383b733a323a223231223b693a393b733a323a223232223b693a31303b733a323a223233223b693a31313b733a323a223235223b693a31323b733a323a223236223b693a31333b733a323a223237223b693a31343b733a323a223238223b693a31353b733a323a223330223b693a31363b733a323a223331223b693a31373b733a323a223332223b693a31383b733a323a223333223b693a31393b733a323a223334223b693a32303b733a323a223335223b693a32313b733a323a223337223b693a32323b733a323a223338223b7d6465706172746d656e745f69647c733a353a225465737432223b6469766973696f6e7c4e3b756e69747c4e3b64697374726963745f69647c733a31323a2264697374726963747c313032223b64697374726963747c733a373a224b414d50414c41223b796561727c733a343a2232303232223b6d6f6e74687c733a323a223033223b646174655f66726f6d7c733a31303a22323032322d30322d3233223b646174655f746f7c733a31303a22323032322d30332d3233223b),
('tfldk1bfd3f4ei4sgp2cdbg34jotu10j', '::1', 1648116753, 0x5f5f63695f6c6173745f726567656e65726174657c693a313634383131363735333b6e616d65737c733a31323a22414e44524557204147414241223b757365725f69647c733a313a2231223b69687269735f7069647c4e3b757365726e616d657c733a343a226e636461223b726f6c657c733a363a227361646d696e223b73746174657c733a313a2231223b646174654368616e6765647c4e3b6368616e6765647c733a313a2230223b69734c6f67676564496e7c623a313b666163696c6974797c733a31323a22666163696c6974797c373837223b666163696c6974795f6e616d657c733a33313a224b616d70616c61204d756c61676f20526567696f6e616c205265666572616c223b6465706172746d656e747c733a353a225465737432223b7065726d697373696f6e737c613a32333a7b693a303b733a323a223133223b693a313b733a323a223134223b693a323b733a323a223135223b693a333b733a323a223136223b693a343b733a323a223137223b693a353b733a323a223138223b693a363b733a323a223139223b693a373b733a323a223230223b693a383b733a323a223231223b693a393b733a323a223232223b693a31303b733a323a223233223b693a31313b733a323a223235223b693a31323b733a323a223236223b693a31333b733a323a223237223b693a31343b733a323a223238223b693a31353b733a323a223330223b693a31363b733a323a223331223b693a31373b733a323a223332223b693a31383b733a323a223333223b693a31393b733a323a223334223b693a32303b733a323a223335223b693a32313b733a323a223337223b693a32323b733a323a223338223b7d6465706172746d656e745f69647c733a353a225465737432223b6469766973696f6e7c4e3b756e69747c4e3b64697374726963745f69647c733a31323a2264697374726963747c313032223b64697374726963747c733a373a224b414d50414c41223b796561727c733a343a2232303232223b6d6f6e74687c733a323a223033223b646174655f66726f6d7c733a31303a22323032322d30322d3233223b646174655f746f7c733a31303a22323032322d30332d3233223b),
('ttmackblqse1ldg9plk7vb1jka38mb6f', '::1', 1648118662, 0x5f5f63695f6c6173745f726567656e65726174657c693a313634383131383636323b6e616d65737c733a31323a22414e44524557204147414241223b757365725f69647c733a313a2231223b69687269735f7069647c4e3b757365726e616d657c733a343a226e636461223b726f6c657c733a363a227361646d696e223b73746174657c733a313a2231223b646174654368616e6765647c4e3b6368616e6765647c733a313a2230223b69734c6f67676564496e7c623a313b666163696c6974797c733a31323a22666163696c6974797c373837223b666163696c6974795f6e616d657c733a33313a224b616d70616c61204d756c61676f20526567696f6e616c205265666572616c223b6465706172746d656e747c733a353a225465737432223b7065726d697373696f6e737c613a32333a7b693a303b733a323a223133223b693a313b733a323a223134223b693a323b733a323a223135223b693a333b733a323a223136223b693a343b733a323a223137223b693a353b733a323a223138223b693a363b733a323a223139223b693a373b733a323a223230223b693a383b733a323a223231223b693a393b733a323a223232223b693a31303b733a323a223233223b693a31313b733a323a223235223b693a31323b733a323a223236223b693a31333b733a323a223237223b693a31343b733a323a223238223b693a31353b733a323a223330223b693a31363b733a323a223331223b693a31373b733a323a223332223b693a31383b733a323a223333223b693a31393b733a323a223334223b693a32303b733a323a223335223b693a32313b733a323a223337223b693a32323b733a323a223338223b7d6465706172746d656e745f69647c733a353a225465737432223b6469766973696f6e7c4e3b756e69747c4e3b64697374726963745f69647c733a31323a2264697374726963747c313032223b64697374726963747c733a373a224b414d50414c41223b796561727c733a343a2232303232223b6d6f6e74687c733a323a223033223b646174655f66726f6d7c733a31303a22323032322d30322d3233223b646174655f746f7c733a31303a22323032322d30332d3233223b),
('uo02018co5uvtu87c386e8umtgru4lb4', '::1', 1648128225, 0x5f5f63695f6c6173745f726567656e65726174657c693a313634383132383232353b6e616d65737c733a31323a22414e44524557204147414241223b757365725f69647c733a313a2231223b69687269735f7069647c4e3b757365726e616d657c733a343a226e636461223b726f6c657c733a363a227361646d696e223b73746174657c733a313a2231223b646174654368616e6765647c4e3b6368616e6765647c733a313a2230223b69734c6f67676564496e7c623a313b666163696c6974797c733a31323a22666163696c6974797c373837223b666163696c6974795f6e616d657c733a33313a224b616d70616c61204d756c61676f20526567696f6e616c205265666572616c223b6465706172746d656e747c733a353a225465737432223b7065726d697373696f6e737c613a32333a7b693a303b733a323a223133223b693a313b733a323a223134223b693a323b733a323a223135223b693a333b733a323a223136223b693a343b733a323a223137223b693a353b733a323a223138223b693a363b733a323a223139223b693a373b733a323a223230223b693a383b733a323a223231223b693a393b733a323a223232223b693a31303b733a323a223233223b693a31313b733a323a223235223b693a31323b733a323a223236223b693a31333b733a323a223237223b693a31343b733a323a223238223b693a31353b733a323a223330223b693a31363b733a323a223331223b693a31373b733a323a223332223b693a31383b733a323a223333223b693a31393b733a323a223334223b693a32303b733a323a223335223b693a32313b733a323a223337223b693a32323b733a323a223338223b7d6465706172746d656e745f69647c733a353a225465737432223b6469766973696f6e7c4e3b756e69747c4e3b64697374726963745f69647c733a31323a2264697374726963747c313032223b64697374726963747c733a373a224b414d50414c41223b796561727c733a343a2232303232223b6d6f6e74687c733a323a223033223b646174655f66726f6d7c733a31303a22323032322d30322d3233223b646174655f746f7c733a31303a22323032322d30332d3233223b),
('vddm6h2orh4l2h3sgkphtc40s1n39s99', '::1', 1648130352, 0x5f5f63695f6c6173745f726567656e65726174657c693a313634383133303335323b6e616d65737c733a31323a22414e44524557204147414241223b757365725f69647c733a313a2231223b69687269735f7069647c4e3b757365726e616d657c733a343a226e636461223b726f6c657c733a363a227361646d696e223b73746174657c733a313a2231223b646174654368616e6765647c4e3b6368616e6765647c733a313a2230223b69734c6f67676564496e7c623a313b666163696c6974797c733a31323a22666163696c6974797c373837223b666163696c6974795f6e616d657c733a33313a224b616d70616c61204d756c61676f20526567696f6e616c205265666572616c223b6465706172746d656e747c733a353a225465737432223b7065726d697373696f6e737c613a32333a7b693a303b733a323a223133223b693a313b733a323a223134223b693a323b733a323a223135223b693a333b733a323a223136223b693a343b733a323a223137223b693a353b733a323a223138223b693a363b733a323a223139223b693a373b733a323a223230223b693a383b733a323a223231223b693a393b733a323a223232223b693a31303b733a323a223233223b693a31313b733a323a223235223b693a31323b733a323a223236223b693a31333b733a323a223237223b693a31343b733a323a223238223b693a31353b733a323a223330223b693a31363b733a323a223331223b693a31373b733a323a223332223b693a31383b733a323a223333223b693a31393b733a323a223334223b693a32303b733a323a223335223b693a32313b733a323a223337223b693a32323b733a323a223338223b7d6465706172746d656e745f69647c733a353a225465737432223b6469766973696f6e7c4e3b756e69747c4e3b64697374726963745f69647c733a31323a2264697374726963747c313032223b64697374726963747c733a373a224b414d50414c41223b796561727c733a343a2232303232223b6d6f6e74687c733a323a223033223b646174655f66726f6d7c733a31303a22323032322d30322d3233223b646174655f746f7c733a31303a22323032322d30332d3233223b);

-- --------------------------------------------------------

--
-- Table structure for table `branch_activities`
--

CREATE TABLE `branch_activities` (
  `id` int(11) NOT NULL,
  `activity_name` varchar(200) NOT NULL,
  `activity_description` text DEFAULT NULL,
  `objective_id` int(11) NOT NULL,
  `created_at` timestamp NOT NULL DEFAULT current_timestamp(),
  `updated_at` timestamp NOT NULL DEFAULT current_timestamp()
) ENGINE=InnoDB DEFAULT CHARSET=utf8mb4;

--
-- Dumping data for table `branch_activities`
--

INSERT INTO `branch_activities` (`id`, `activity_name`, `activity_description`, `objective_id`, `created_at`, `updated_at`) VALUES
(1, ' Sample Activity', '&nbsp;Sample Activity ', 13, '2022-01-17 23:11:53', '2022-01-17 23:11:53'),
(2, ' Patient Meetings', ' ', 13, '2022-01-18 01:06:34', '2022-01-18 01:06:34'),
(3, ' Sensitization', ' ', 13, '2022-01-18 01:06:46', '2022-01-18 01:06:46'),
(4, ' Sensitization Meeting', ' ', 0, '2022-03-17 08:36:16', '2022-03-17 08:36:16');

-- --------------------------------------------------------

--
-- Table structure for table `branch_activty_parameters`
--

CREATE TABLE `branch_activty_parameters` (
  `id` int(11) NOT NULL,
  `parameter_name` varchar(200) NOT NULL,
  `parameter_description` text DEFAULT NULL,
  `activity_id` int(11) NOT NULL,
  `target_value` int(11) DEFAULT NULL,
  `created_at` timestamp NOT NULL DEFAULT current_timestamp(),
  `updated_at` timestamp NOT NULL DEFAULT current_timestamp()
) ENGINE=InnoDB DEFAULT CHARSET=utf8mb4;

--
-- Dumping data for table `branch_activty_parameters`
--

INSERT INTO `branch_activty_parameters` (`id`, `parameter_name`, `parameter_description`, `activity_id`, `target_value`, `created_at`, `updated_at`) VALUES
(1, 'Simple branch param', '<p>Simple branch param<br></p>', 1, NULL, '2022-01-17 23:16:05', '2022-01-17 23:16:05'),
(2, 'Simple Simple', '<p>Simple&nbsp;Simple<br></p>', 1, NULL, '2022-01-17 23:16:47', '2022-01-17 23:16:47'),
(3, 'Simple2', '<p>Simple2<br></p>', 1, NULL, '2022-01-17 23:17:13', '2022-01-17 23:17:13'),
(4, 'Smaple', '<p>Smaple<br></p>', 1, 10, '2022-03-12 09:19:11', '2022-03-12 09:19:11'),
(5, 'Number of male attendants', '', 4, 10, '2022-03-17 08:36:36', '2022-03-17 08:36:36'),
(6, 'Number female attendants', '', 4, 10, '2022-03-17 08:36:52', '2022-03-17 08:36:52');

-- --------------------------------------------------------

--
-- Table structure for table `facilities`
--

CREATE TABLE `facilities` (
  `facility_id` varchar(100) DEFAULT NULL,
  `facility` varchar(100) DEFAULT NULL
) ENGINE=InnoDB DEFAULT CHARSET=utf8mb4;

-- --------------------------------------------------------

--
-- Table structure for table `group_permissions`
--

CREATE TABLE `group_permissions` (
  `id` int(11) NOT NULL,
  `group_id` int(11) NOT NULL,
  `permission_id` int(11) NOT NULL,
  `last_updated` timestamp NOT NULL DEFAULT current_timestamp() ON UPDATE current_timestamp()
) ENGINE=InnoDB DEFAULT CHARSET=utf8;

--
-- Dumping data for table `group_permissions`
--

INSERT INTO `group_permissions` (`id`, `group_id`, `permission_id`, `last_updated`) VALUES
(103, 17, 26, '2019-02-13 09:51:09'),
(104, 17, 27, '2019-02-13 09:51:09'),
(132, 18, 13, '2019-08-17 16:46:09'),
(133, 18, 14, '2019-08-17 16:46:09'),
(134, 18, 17, '2019-08-17 16:46:09'),
(135, 18, 18, '2019-08-17 16:46:09'),
(136, 18, 19, '2019-08-17 16:46:09'),
(137, 18, 21, '2019-08-17 16:46:09'),
(138, 18, 22, '2019-08-17 16:46:09'),
(139, 18, 25, '2019-08-17 16:46:09'),
(140, 18, 26, '2019-08-17 16:46:09'),
(141, 18, 27, '2019-08-17 16:46:09'),
(142, 18, 28, '2019-08-17 16:46:09'),
(143, 18, 30, '2019-08-17 16:46:09'),
(3799, 19, 13, '2021-09-14 14:43:49'),
(3800, 19, 14, '2021-09-14 14:43:49'),
(3801, 19, 15, '2021-09-14 14:43:49'),
(3802, 19, 16, '2021-09-14 14:43:49'),
(3803, 19, 17, '2021-09-14 14:43:49'),
(3804, 19, 18, '2021-09-14 14:43:49'),
(3805, 19, 19, '2021-09-14 14:43:49'),
(3806, 19, 20, '2021-09-14 14:43:49'),
(3807, 19, 21, '2021-09-14 14:43:49'),
(3808, 19, 22, '2021-09-14 14:43:49'),
(3809, 19, 23, '2021-09-14 14:43:49'),
(3810, 19, 25, '2021-09-14 14:43:49'),
(3811, 19, 26, '2021-09-14 14:43:49'),
(3812, 19, 27, '2021-09-14 14:43:49'),
(3813, 19, 28, '2021-09-14 14:43:49'),
(3814, 19, 30, '2021-09-14 14:43:49'),
(3815, 19, 31, '2021-09-14 14:43:49'),
(3816, 19, 32, '2021-09-14 14:43:49'),
(3817, 19, 33, '2021-09-14 14:43:49'),
(3818, 19, 34, '2021-09-14 14:43:49'),
(3819, 19, 35, '2021-09-14 14:43:49'),
(3820, 19, 37, '2021-09-14 14:43:49'),
(3821, 19, 38, '2021-09-14 14:43:49'),
(3822, 16, 13, '2021-09-14 14:58:17'),
(3823, 16, 14, '2021-09-14 14:58:17'),
(3824, 16, 15, '2021-09-14 14:58:17'),
(3825, 16, 16, '2021-09-14 14:58:17'),
(3826, 16, 17, '2021-09-14 14:58:17'),
(3827, 16, 18, '2021-09-14 14:58:17'),
(3828, 16, 19, '2021-09-14 14:58:17'),
(3829, 16, 20, '2021-09-14 14:58:17'),
(3830, 16, 21, '2021-09-14 14:58:17'),
(3831, 16, 22, '2021-09-14 14:58:17'),
(3832, 16, 23, '2021-09-14 14:58:17'),
(3833, 16, 25, '2021-09-14 14:58:17'),
(3834, 16, 26, '2021-09-14 14:58:17'),
(3835, 16, 27, '2021-09-14 14:58:17'),
(3836, 16, 28, '2021-09-14 14:58:17'),
(3837, 16, 30, '2021-09-14 14:58:17'),
(3838, 16, 31, '2021-09-14 14:58:17'),
(3839, 16, 32, '2021-09-14 14:58:17'),
(3840, 16, 33, '2021-09-14 14:58:17'),
(3841, 16, 34, '2021-09-14 14:58:17'),
(3842, 16, 35, '2021-09-14 14:58:17'),
(3843, 16, 37, '2021-09-14 14:58:17'),
(3844, 16, 38, '2021-09-14 14:58:17'),
(3845, 10, 13, '2021-09-14 15:00:09'),
(3846, 10, 14, '2021-09-14 15:00:09'),
(3847, 10, 15, '2021-09-14 15:00:09'),
(3848, 10, 16, '2021-09-14 15:00:09'),
(3849, 10, 17, '2021-09-14 15:00:09'),
(3850, 10, 18, '2021-09-14 15:00:09'),
(3851, 10, 19, '2021-09-14 15:00:09'),
(3852, 10, 20, '2021-09-14 15:00:09'),
(3853, 10, 21, '2021-09-14 15:00:09'),
(3854, 10, 22, '2021-09-14 15:00:09'),
(3855, 10, 23, '2021-09-14 15:00:09'),
(3856, 10, 25, '2021-09-14 15:00:09'),
(3857, 10, 26, '2021-09-14 15:00:09'),
(3858, 10, 27, '2021-09-14 15:00:09'),
(3859, 10, 28, '2021-09-14 15:00:09'),
(3860, 10, 30, '2021-09-14 15:00:09'),
(3861, 10, 31, '2021-09-14 15:00:09'),
(3862, 10, 32, '2021-09-14 15:00:09'),
(3863, 10, 33, '2021-09-14 15:00:09'),
(3864, 10, 34, '2021-09-14 15:00:09'),
(3865, 10, 35, '2021-09-14 15:00:09'),
(3866, 10, 37, '2021-09-14 15:00:09'),
(3867, 10, 38, '2021-09-14 15:00:09'),
(3868, 11, 13, '2021-09-14 15:00:51'),
(3869, 11, 14, '2021-09-14 15:00:51'),
(3870, 11, 17, '2021-09-14 15:00:51'),
(3871, 11, 37, '2021-09-14 15:00:51'),
(3872, 11, 38, '2021-09-14 15:00:51');

-- --------------------------------------------------------

--
-- Table structure for table `ncda_activities`
--

CREATE TABLE `ncda_activities` (
  `id` int(11) NOT NULL,
  `activity_name` varchar(255) NOT NULL,
  `activity_description` text DEFAULT NULL,
  `objective_id` int(11) NOT NULL,
  `created_by` int(11) DEFAULT NULL,
  `created_at` timestamp NOT NULL DEFAULT current_timestamp(),
  `updated_at` timestamp NOT NULL DEFAULT current_timestamp() ON UPDATE current_timestamp()
) ENGINE=InnoDB DEFAULT CHARSET=latin1;

--
-- Dumping data for table `ncda_activities`
--

INSERT INTO `ncda_activities` (`id`, `activity_name`, `activity_description`, `objective_id`, `created_by`, `created_at`, `updated_at`) VALUES
(1, 'Screening', 'They aim to detect diseases at an early stage, before any symptoms become noticeable. This has the advantage of being able to treat the disease', 6, 1, '2021-11-30 16:32:27', '2022-02-12 10:55:06'),
(2, ' Sensitization', ' Sensitization is a non-associative learning process in which repeated administration of a stimulus results in the progressive amplification of a response. Sensitization often is characterized by an enhancement of response to a whole class of stimuli in addition to the one that is repeated.', 6, 1, '2021-11-30 17:06:05', '2022-02-12 10:55:09'),
(5, ' Simple Activity', '&nbsp;Simple Activity ', 10, NULL, '2022-01-17 11:18:58', '2022-02-12 10:55:22'),
(6, ' Simple two', '&nbsp;Simple two ', 10, NULL, '2022-01-17 11:20:19', '2022-02-12 10:55:25'),
(7, ' Immunization', ' ', 11, NULL, '2022-01-18 11:36:39', '2022-02-12 10:55:27'),
(8, ' Activity One', ' ', 12, NULL, '2022-01-18 18:59:21', '2022-02-12 10:55:31'),
(9, ' Drilling wells', ' ', 12, NULL, '2022-01-18 19:00:38', '2022-02-12 10:55:33'),
(10, ' Immunization', '&nbsp;Immunization ', 16, NULL, '2022-03-10 15:59:53', '2022-03-10 15:59:53'),
(11, ' Documentation and dissemination of results realized stepwise', '...', 17, NULL, '2022-03-17 07:40:53', '2022-03-17 07:40:53'),
(12, 'Sample number five', '', 5, NULL, '2022-03-24 10:58:50', '2022-03-24 13:20:14'),
(16, 'Fake', '', 15, NULL, '2022-03-24 11:02:37', '2022-03-24 11:02:37'),
(17, 'Act 1', '', 18, NULL, '2022-03-24 13:58:08', '2022-03-24 13:58:08');

-- --------------------------------------------------------

--
-- Table structure for table `ncda_board_members`
--

CREATE TABLE `ncda_board_members` (
  `id` int(11) NOT NULL,
  `firstname` varchar(35) NOT NULL,
  `lastname` varchar(35) NOT NULL,
  `role` varchar(35) NOT NULL,
  `phone_no` varchar(20) DEFAULT NULL,
  `email_address` varchar(50) DEFAULT NULL,
  `from_year` int(4) DEFAULT NULL,
  `to_year` int(4) DEFAULT NULL,
  `is_current` int(11) NOT NULL DEFAULT 1,
  `subscriber_id` int(11) DEFAULT NULL,
  `title` varchar(20) DEFAULT NULL
) ENGINE=InnoDB DEFAULT CHARSET=utf8mb4;

--
-- Dumping data for table `ncda_board_members`
--

INSERT INTO `ncda_board_members` (`id`, `firstname`, `lastname`, `role`, `phone_no`, `email_address`, `from_year`, `to_year`, `is_current`, `subscriber_id`, `title`) VALUES
(1, 'Henry', 'Nkuke', 'Board Chairperson', '0706789927', 'henricsanyu@gmail.com', 1999, 2021, 1, 1, 'Mr.'),
(2, 'Henry', 'Nkuke', 'Member', '+256787788798', 'henricsanyu@gmail.com', NULL, 2050, 1, NULL, 'Mr.'),
(3, 'Henry', 'Nkuke', 'Member', '+256787788798', 'henricsanyu@gmail.com', 2022, 2050, 1, NULL, 'Mrs.'),
(4, 'Henry', 'Nkuke', 'Member', '+256787788798', 'henricsanyu@gmail.com', 2022, 2050, 1, 0, 'Mr.'),
(5, 'Henry', 'Nkuke Mayanja', 'Member', '+256787788798', 'henricsanyu@gmail.com', 2022, 2050, 1, 1, 'Mr.');

-- --------------------------------------------------------

--
-- Table structure for table `ncda_branch_activity_data`
--

CREATE TABLE `ncda_branch_activity_data` (
  `id` int(11) NOT NULL,
  `parameter_id` int(11) NOT NULL,
  `parameter_value` int(11) NOT NULL,
  `mode_of_operation` varchar(20) DEFAULT NULL,
  `facility_id` int(11) NOT NULL,
  `clinic_type_id` int(11) NOT NULL,
  `action_date` date NOT NULL,
  `created_at` timestamp NOT NULL DEFAULT current_timestamp(),
  `updated_at` timestamp NOT NULL DEFAULT current_timestamp() ON UPDATE current_timestamp()
) ENGINE=InnoDB DEFAULT CHARSET=latin1;

--
-- Dumping data for table `ncda_branch_activity_data`
--

INSERT INTO `ncda_branch_activity_data` (`id`, `parameter_id`, `parameter_value`, `mode_of_operation`, `facility_id`, `clinic_type_id`, `action_date`, `created_at`, `updated_at`) VALUES
(35, 1, 60, NULL, 1, 0, '2022-03-12', '2022-03-12 11:46:29', '2022-03-12 11:46:29'),
(36, 2, 60, NULL, 1, 0, '2022-03-12', '2022-03-12 11:46:29', '2022-03-12 11:46:29'),
(37, 3, 60, NULL, 1, 0, '2022-03-12', '2022-03-12 11:46:29', '2022-03-12 11:46:29'),
(38, 4, 60, NULL, 1, 0, '2022-03-12', '2022-03-12 11:46:29', '2022-03-12 11:46:29'),
(39, 1, 70, NULL, 0, 0, '2022-03-12', '2022-03-12 14:07:13', '2022-03-12 14:07:13'),
(40, 2, 60, NULL, 0, 0, '2022-03-12', '2022-03-12 14:07:13', '2022-03-12 14:07:13'),
(41, 3, 60, NULL, 0, 0, '2022-03-12', '2022-03-12 14:07:13', '2022-03-12 14:07:13'),
(42, 4, 60, NULL, 0, 0, '2022-03-12', '2022-03-12 14:07:13', '2022-03-12 14:07:13'),
(43, 1, 90, NULL, 1, 0, '2022-03-12', '2022-03-12 14:07:32', '2022-03-12 14:07:32'),
(44, 2, 60, NULL, 1, 0, '2022-03-12', '2022-03-12 14:07:32', '2022-03-12 14:07:32'),
(45, 3, 60, NULL, 1, 0, '2022-03-12', '2022-03-12 14:07:32', '2022-03-12 14:07:32'),
(46, 4, 60, NULL, 1, 0, '2022-03-12', '2022-03-12 14:07:32', '2022-03-12 14:07:32'),
(47, 1, 90, NULL, 0, 0, '2022-03-12', '2022-03-12 14:07:49', '2022-03-12 14:07:49'),
(48, 2, 40, NULL, 0, 0, '2022-03-12', '2022-03-12 14:07:49', '2022-03-12 14:07:49'),
(49, 3, 60, NULL, 0, 0, '2022-03-12', '2022-03-12 14:07:49', '2022-03-12 14:07:49'),
(50, 4, 60, NULL, 0, 0, '2022-03-12', '2022-03-12 14:07:49', '2022-03-12 14:07:49');

-- --------------------------------------------------------

--
-- Table structure for table `ncda_branch_teams`
--

CREATE TABLE `ncda_branch_teams` (
  `id` int(11) NOT NULL,
  `district_id` int(11) NOT NULL,
  `facility_id` int(11) NOT NULL,
  `first_name` varchar(50) NOT NULL,
  `last_name` varchar(50) NOT NULL,
  `gender` varchar(8) NOT NULL,
  `dob` date NOT NULL,
  `title` varchar(100) NOT NULL,
  `contact` varchar(100) NOT NULL,
  `notes` text DEFAULT NULL,
  `created_at` timestamp NOT NULL DEFAULT current_timestamp()
) ENGINE=InnoDB DEFAULT CHARSET=utf8mb4;

--
-- Dumping data for table `ncda_branch_teams`
--

INSERT INTO `ncda_branch_teams` (`id`, `district_id`, `facility_id`, `first_name`, `last_name`, `gender`, `dob`, `title`, `contact`, `notes`, `created_at`) VALUES
(1, 258, 2, 'Nkuke', 'Henry', 'Male', '1993-12-17', 'DHO', '0755260500', NULL, '2021-12-11 13:23:05'),
(2, 258, 1, 'Ainedembe', 'Denis', 'Male', '1994-01-21', 'Doctor', '0788674576', 'Good boy', '2022-01-16 09:51:24'),
(6, 258, 2, 'Mugisha', 'Muntu', 'Male', '1995-01-16', 'Nurse', '0786457650', 'wwwww', '2022-01-16 11:44:17'),
(7, 258, 2, 'Joseph', 'Ssentamu', 'Male', '1995-01-16', 'Doctore', '0786450430', 'wwwww', '2022-01-16 11:45:39'),
(8, 258, 1, 'Andrew', 'Agaba', 'Male', '1995-01-16', 'Doctor', '078645050', 'wwwww', '2022-01-16 11:46:43'),
(10, 252, 3, 'Kanema', 'Jane', 'Female', '1998-01-15', 'Nurse', '0786450650', ' ', '2022-01-16 19:52:33'),
(11, 251, 1, 'Henry', 'Nkuke', 'Male', '0000-00-00', 'Mr.', '0705596470', ' ', '2022-01-16 22:07:00');

-- --------------------------------------------------------

--
-- Table structure for table `ncda_clinic_types`
--

CREATE TABLE `ncda_clinic_types` (
  `id` int(11) NOT NULL,
  `type_name` varchar(255) NOT NULL,
  `type_description` text DEFAULT NULL,
  `create_at` timestamp NOT NULL DEFAULT current_timestamp(),
  `updated_at` timestamp NOT NULL DEFAULT current_timestamp() ON UPDATE current_timestamp()
) ENGINE=InnoDB DEFAULT CHARSET=latin1;

-- --------------------------------------------------------

--
-- Table structure for table `ncda_contact_catalog`
--

CREATE TABLE `ncda_contact_catalog` (
  `id` int(11) NOT NULL,
  `first_name` varchar(100) NOT NULL,
  `last_name` varchar(100) NOT NULL,
  `gender` varchar(10) DEFAULT NULL,
  `title` varchar(10) DEFAULT NULL,
  `represents` text DEFAULT NULL,
  `email` varchar(100) NOT NULL,
  `phone` varchar(100) NOT NULL,
  `mobile` varchar(100) DEFAULT NULL,
  `address` varchar(255) NOT NULL DEFAULT current_timestamp(),
  `created_at` timestamp NOT NULL DEFAULT current_timestamp(),
  `updated_at` timestamp NOT NULL DEFAULT current_timestamp() ON UPDATE current_timestamp()
) ENGINE=InnoDB DEFAULT CHARSET=latin1;

--
-- Dumping data for table `ncda_contact_catalog`
--

INSERT INTO `ncda_contact_catalog` (`id`, `first_name`, `last_name`, `gender`, `title`, `represents`, `email`, `phone`, `mobile`, `address`, `created_at`, `updated_at`) VALUES
(7, 'Henry', 'Nkuke', 'Ms.', NULL, 'Solvertech', 'henricsanyu5@gmail.com', '+2567877877798', '0787786698', 'Kyebando', '2022-01-15 20:35:57', '2022-01-15 20:35:57'),
(8, 'Henry', 'Nkuke', 'Male', 'Mr.', 'Solvertech', 'henricsanyu@gmail.com', '+2567877887990', '07877887900', 'Kyebando', '2022-01-16 10:15:47', '2022-01-16 10:15:47'),
(9, 'Henry', 'Nkuke', 'Male', 'Mr.', 'Solvertech', 'henricsanoyu@gmail.com', '+256787788700', '+25678778890', 'Kyebando', '2022-01-16 14:20:25', '2022-01-16 14:20:25'),
(11, 'Musajja', 'Robert', 'M', 'Mr.', NULL, 'musajja@gmail.com', '705596470', '705596470', 'Kyebando', '2022-03-05 11:03:51', '2022-03-05 11:03:51');

-- --------------------------------------------------------

--
-- Table structure for table `ncda_dhts`
--

CREATE TABLE `ncda_dhts` (
  `id` int(11) NOT NULL,
  `first_name` varchar(100) NOT NULL,
  `last_name` varchar(100) NOT NULL,
  `gender` varchar(6) DEFAULT NULL,
  `dob` date DEFAULT NULL,
  `address` varchar(255) DEFAULT NULL,
  `contact` varchar(100) NOT NULL,
  `facility_id` int(11) DEFAULT NULL,
  `district_id` int(11) DEFAULT NULL,
  `created_at` timestamp NOT NULL DEFAULT current_timestamp(),
  `updated_at` timestamp NOT NULL DEFAULT current_timestamp() ON UPDATE current_timestamp()
) ENGINE=InnoDB DEFAULT CHARSET=latin1;

-- --------------------------------------------------------

--
-- Table structure for table `ncda_districts`
--

CREATE TABLE `ncda_districts` (
  `id` int(11) NOT NULL,
  `district_name` varchar(100) NOT NULL,
  `region` varchar(100) DEFAULT NULL,
  `notes` text DEFAULT NULL,
  `active` varchar(2) NOT NULL DEFAULT '1',
  `created_at` timestamp NOT NULL DEFAULT current_timestamp(),
  `updated_at` timestamp NOT NULL DEFAULT current_timestamp() ON UPDATE current_timestamp()
) ENGINE=InnoDB DEFAULT CHARSET=latin1;

--
-- Dumping data for table `ncda_districts`
--

INSERT INTO `ncda_districts` (`id`, `district_name`, `region`, `notes`, `active`, `created_at`, `updated_at`) VALUES
(251, 'Buikwe', 'Central Region', NULL, '1', '2021-07-31 04:11:53', '2021-07-31 04:11:53'),
(252, 'Bukomansimbi', 'Central Region', NULL, '1', '2021-07-31 04:11:53', '2021-07-31 04:11:53'),
(253, 'Butambala', 'Central Region', NULL, '1', '2021-07-31 04:11:53', '2021-07-31 04:11:53'),
(254, 'Buvuma', 'Central Region', NULL, '1', '2021-07-31 04:11:53', '2021-07-31 04:11:53'),
(255, 'Gomba', 'Central Region', NULL, '1', '2021-07-31 04:11:53', '2021-07-31 04:11:53'),
(256, 'Kalangala1', 'Central Region', '', '1', '2021-07-31 04:11:53', '2021-11-23 14:04:02'),
(257, 'Kalungu', 'Central Region', NULL, '1', '2021-07-31 04:11:53', '2021-07-31 04:11:53'),
(258, 'Kampala', 'Central Region', NULL, '1', '2021-07-31 04:11:54', '2021-07-31 04:11:54'),
(259, 'Kayunga', 'Central Region', NULL, '1', '2021-07-31 04:11:54', '2021-07-31 04:11:54'),
(260, 'Kiboga', 'Central Region', NULL, '1', '2021-07-31 04:11:54', '2021-07-31 04:11:54'),
(261, 'Kyankwanzi', 'Central Region', NULL, '1', '2021-07-31 04:11:54', '2021-07-31 04:11:54'),
(262, 'Luweero', 'Central Region', NULL, '1', '2021-07-31 04:11:54', '2021-07-31 04:11:54'),
(263, 'Lwengo', 'Central Region', NULL, '1', '2021-07-31 04:11:54', '2021-07-31 04:11:54'),
(264, 'Lyantonde', 'Central Region', NULL, '1', '2021-07-31 04:11:54', '2021-07-31 04:11:54'),
(265, 'Masaka', 'Central Region', NULL, '1', '2021-07-31 04:11:54', '2021-07-31 04:11:54'),
(266, 'Mityana', 'Central Region', NULL, '1', '2021-07-31 04:11:54', '2021-07-31 04:11:54'),
(267, 'Mpigi', 'Central Region', NULL, '1', '2021-07-31 04:11:54', '2021-07-31 04:11:54'),
(268, 'Mubende', 'Central Region', NULL, '1', '2021-07-31 04:11:54', '2021-07-31 04:11:54'),
(269, 'Mukono', 'Central Region', NULL, '1', '2021-07-31 04:11:54', '2021-07-31 04:11:54'),
(270, 'Nakaseke', 'Central Region', NULL, '1', '2021-07-31 04:11:54', '2021-07-31 04:11:54'),
(271, 'Nakasongola', 'Central Region', NULL, '1', '2021-07-31 04:11:54', '2021-07-31 04:11:54'),
(272, 'Rakai', 'Central Region', NULL, '1', '2021-07-31 04:11:55', '2021-07-31 04:11:55'),
(273, 'Sembabule', 'Central Region', NULL, '1', '2021-07-31 04:11:55', '2021-07-31 04:11:55'),
(274, 'Wakiso', 'Central Region', NULL, '1', '2021-07-31 04:11:55', '2021-07-31 04:11:55'),
(275, 'Amuria', 'Eastern Region', NULL, '1', '2021-07-31 04:11:55', '2021-07-31 04:11:55'),
(276, 'Budaka', 'Eastern Region', NULL, '1', '2021-07-31 04:11:55', '2021-07-31 04:11:55'),
(277, 'Bududa', 'Eastern Region', NULL, '1', '2021-07-31 04:11:55', '2021-07-31 04:11:55'),
(278, 'Bugiri', 'Eastern Region', NULL, '1', '2021-07-31 04:11:55', '2021-07-31 04:11:55'),
(279, 'Bukedea', 'Eastern Region', NULL, '1', '2021-07-31 04:11:55', '2021-07-31 04:11:55'),
(280, 'Bukwa', 'Eastern Region', NULL, '1', '2021-07-31 04:11:55', '2021-07-31 04:11:55'),
(281, 'Bulambuli', 'Eastern Region', NULL, '1', '2021-07-31 04:11:55', '2021-07-31 04:11:55'),
(282, 'Busia', 'Eastern Region', NULL, '1', '2021-07-31 04:11:55', '2021-07-31 04:11:55'),
(283, 'Butaleja', 'Eastern Region', NULL, '1', '2021-07-31 04:11:55', '2021-07-31 04:11:55'),
(284, 'Buyende', 'Eastern Region', NULL, '1', '2021-07-31 04:11:55', '2021-07-31 04:11:55'),
(285, 'Iganga', 'Eastern Region', NULL, '1', '2021-07-31 04:11:55', '2021-07-31 04:11:55'),
(286, 'Jinja', 'Eastern Region', NULL, '1', '2021-07-31 04:11:55', '2021-07-31 04:11:55'),
(287, 'Kaberamaido', 'Eastern Region', NULL, '1', '2021-07-31 04:11:56', '2021-07-31 04:11:56'),
(288, 'Kaliro', 'Eastern Region', NULL, '1', '2021-07-31 04:11:56', '2021-07-31 04:11:56'),
(289, 'Kamuli', 'Eastern Region', NULL, '1', '2021-07-31 04:11:56', '2021-07-31 04:11:56'),
(290, 'Kapchorwa', 'Eastern Region', NULL, '1', '2021-07-31 04:11:56', '2021-07-31 04:11:56'),
(291, 'Katakwi', 'Eastern Region', NULL, '1', '2021-07-31 04:11:56', '2021-07-31 04:11:56'),
(292, 'Kibuku', 'Eastern Region', NULL, '1', '2021-07-31 04:11:56', '2021-07-31 04:11:56'),
(293, 'Kumi', 'Eastern Region', NULL, '1', '2021-07-31 04:11:56', '2021-07-31 04:11:56'),
(294, 'Kween', 'Eastern Region', NULL, '1', '2021-07-31 04:11:56', '2021-07-31 04:11:56'),
(295, 'Luuka', 'Eastern Region', NULL, '1', '2021-07-31 04:11:56', '2021-07-31 04:11:56'),
(296, 'Manafwa', 'Eastern Region', NULL, '1', '2021-07-31 04:11:56', '2021-07-31 04:11:56'),
(297, 'Mayuge', 'Eastern Region', NULL, '1', '2021-07-31 04:11:56', '2021-07-31 04:11:56'),
(298, 'Mbale', 'Eastern Region', NULL, '1', '2021-07-31 04:11:56', '2021-07-31 04:11:56'),
(299, 'Namayingo', 'Eastern Region', NULL, '1', '2021-07-31 04:11:56', '2021-07-31 04:11:56'),
(300, 'Namutumba', 'Eastern Region', NULL, '1', '2021-07-31 04:11:56', '2021-07-31 04:11:56'),
(301, 'Ngora', 'Eastern Region', NULL, '1', '2021-07-31 04:11:56', '2021-07-31 04:11:56'),
(302, 'Pallisa', 'Eastern Region', NULL, '1', '2021-07-31 04:11:56', '2021-07-31 04:11:56'),
(303, 'Serere', 'Eastern Region', NULL, '1', '2021-07-31 04:11:56', '2021-07-31 04:11:56'),
(304, 'Sironko', 'Eastern Region', NULL, '1', '2021-07-31 04:11:56', '2021-07-31 04:11:56'),
(305, 'Soroti', 'Eastern Region', NULL, '1', '2021-07-31 04:11:56', '2021-07-31 04:11:56'),
(306, 'Tororo', 'Eastern Region', NULL, '1', '2021-07-31 04:11:56', '2021-07-31 04:11:56'),
(307, 'Abim', 'Northern Region', NULL, '1', '2021-07-31 04:11:56', '2021-07-31 04:11:56'),
(308, 'Adjumani', 'Northern Region', NULL, '1', '2021-07-31 04:11:56', '2021-07-31 04:11:56'),
(309, 'Agago', 'Northern Region', NULL, '1', '2021-07-31 04:11:56', '2021-07-31 04:11:56'),
(310, 'Alebtong', 'Northern Region', NULL, '1', '2021-07-31 04:11:56', '2021-07-31 04:11:56'),
(311, 'Amolatar', 'Northern Region', NULL, '1', '2021-07-31 04:11:57', '2021-07-31 04:11:57'),
(312, 'Amudat', 'Northern Region', NULL, '1', '2021-07-31 04:11:57', '2021-07-31 04:11:57'),
(313, 'Amuru', 'Northern Region', NULL, '1', '2021-07-31 04:11:57', '2021-07-31 04:11:57'),
(314, 'Apac', 'Northern Region', NULL, '1', '2021-07-31 04:11:57', '2021-07-31 04:11:57'),
(315, 'Arua', 'Northern Region', NULL, '1', '2021-07-31 04:11:57', '2021-07-31 04:11:57'),
(316, 'Dokolo', 'Northern Region', NULL, '1', '2021-07-31 04:11:57', '2021-07-31 04:11:57'),
(317, 'Gulu', 'Northern Region', NULL, '1', '2021-07-31 04:11:57', '2021-07-31 04:11:57'),
(318, 'Kaabong', 'Northern Region', NULL, '1', '2021-07-31 04:11:57', '2021-07-31 04:11:57'),
(319, 'Kitgum', 'Northern Region', NULL, '1', '2021-07-31 04:11:57', '2021-07-31 04:11:57'),
(320, 'Koboko', 'Northern Region', NULL, '1', '2021-07-31 04:11:57', '2021-07-31 04:11:57'),
(321, 'Kole', 'Northern Region', NULL, '1', '2021-07-31 04:11:57', '2021-07-31 04:11:57'),
(322, 'Kotido', 'Northern Region', NULL, '1', '2021-07-31 04:11:57', '2021-07-31 04:11:57'),
(323, 'Lamwo', 'Northern Region', NULL, '1', '2021-07-31 04:11:57', '2021-07-31 04:11:57'),
(324, 'Lira', 'Northern Region', NULL, '1', '2021-07-31 04:11:57', '2021-07-31 04:11:57'),
(325, 'Maracha', 'Northern Region', NULL, '1', '2021-07-31 04:11:57', '2021-07-31 04:11:57'),
(326, 'Moroto', 'Northern Region', NULL, '1', '2021-07-31 04:11:57', '2021-07-31 04:11:57'),
(327, 'Moyo', 'Northern Region', NULL, '1', '2021-07-31 04:11:57', '2021-07-31 04:11:57'),
(328, 'Nakapiripirit', 'Northern Region', NULL, '1', '2021-07-31 04:11:57', '2021-07-31 04:11:57'),
(329, 'Napak', 'Northern Region', NULL, '1', '2021-07-31 04:11:57', '2021-07-31 04:11:57'),
(330, 'Nebbi', 'Northern Region', NULL, '1', '2021-07-31 04:11:57', '2021-07-31 04:11:57'),
(331, 'Nwoya', 'Northern Region', NULL, '1', '2021-07-31 04:11:57', '2021-07-31 04:11:57'),
(332, 'Otuke', 'Northern Region', NULL, '1', '2021-07-31 04:11:57', '2021-07-31 04:11:57'),
(333, 'Oyam', 'Northern Region', NULL, '1', '2021-07-31 04:11:57', '2021-07-31 04:11:57'),
(334, 'Pader', 'Northern Region', NULL, '1', '2021-07-31 04:11:57', '2021-07-31 04:11:57'),
(335, 'Yumbe', 'Northern Region', NULL, '1', '2021-07-31 04:11:57', '2021-07-31 04:11:57'),
(336, 'Zombo', 'Northern Region', NULL, '1', '2021-07-31 04:11:57', '2021-07-31 04:11:57'),
(337, 'Buhweju', 'Western Region', NULL, '1', '2021-07-31 04:11:57', '2021-07-31 04:11:57'),
(338, 'Buliisa', 'Western Region', NULL, '1', '2021-07-31 04:11:58', '2021-07-31 04:11:58'),
(339, 'Bundibugyo', 'Western Region', NULL, '1', '2021-07-31 04:11:58', '2021-07-31 04:11:58'),
(340, 'Bushenyi', 'Western Region', NULL, '1', '2021-07-31 04:11:58', '2021-07-31 04:11:58'),
(341, 'Hoima', 'Western Region', NULL, '1', '2021-07-31 04:11:58', '2021-07-31 04:11:58'),
(342, 'Ibanda', 'Western Region', NULL, '1', '2021-07-31 04:11:58', '2021-07-31 04:11:58'),
(343, 'Isingiro', 'Western Region', NULL, '1', '2021-07-31 04:11:58', '2021-07-31 04:11:58'),
(344, 'Kabale', 'Western Region', NULL, '1', '2021-07-31 04:11:58', '2021-07-31 04:11:58'),
(345, 'Kabarole', 'Western Region', NULL, '1', '2021-07-31 04:11:58', '2021-07-31 04:11:58'),
(346, 'Kamwenge', 'Western Region', NULL, '1', '2021-07-31 04:11:58', '2021-07-31 04:11:58'),
(347, 'Kanungu', 'Western Region', NULL, '1', '2021-07-31 04:11:58', '2021-07-31 04:11:58'),
(348, 'Kasese', 'Western Region', NULL, '1', '2021-07-31 04:11:58', '2021-07-31 04:11:58'),
(349, 'Kazo', 'Western Region', NULL, '1', '2021-07-31 04:11:58', '2021-07-31 04:11:58'),
(350, 'Kibaale', 'Western Region', NULL, '1', '2021-07-31 04:11:58', '2021-07-31 04:11:58'),
(351, 'Kiruhura', 'Western Region', NULL, '1', '2021-07-31 04:11:58', '2021-07-31 04:11:58'),
(352, 'Kiryandongo', 'Western Region', NULL, '1', '2021-07-31 04:11:58', '2021-07-31 04:11:58'),
(353, 'Kisoro', 'Western Region', NULL, '1', '2021-07-31 04:11:58', '2021-07-31 04:11:58'),
(354, 'Kyegegwa', 'Western Region', NULL, '1', '2021-07-31 04:11:58', '2021-07-31 04:11:58'),
(355, 'Kyenjojo', 'Western Region', NULL, '1', '2021-07-31 04:11:58', '2021-07-31 04:11:58'),
(356, 'Masindi', 'Western Region', NULL, '1', '2021-07-31 04:11:58', '2021-07-31 04:11:58'),
(357, 'Mitooma', 'Western Region', NULL, '1', '2021-07-31 04:11:58', '2021-07-31 04:11:58'),
(358, 'Ntoroko', 'Western Region', NULL, '1', '2021-07-31 04:11:58', '2021-07-31 04:11:58'),
(359, 'Ntungamo', 'Western Region', NULL, '1', '2021-07-31 04:11:58', '2021-07-31 04:11:58'),
(360, 'Rubirizi', 'Western Region', NULL, '1', '2021-07-31 04:11:58', '2021-07-31 04:11:58'),
(361, 'Rukiga', 'Western Region', NULL, '1', '2021-07-31 04:11:58', '2021-07-31 04:11:58'),
(362, 'Rukungiri', 'Western Region', NULL, '1', '2021-07-31 04:11:58', '2021-07-31 04:11:58'),
(363, 'Sheema', 'Western Region', NULL, '1', '2021-07-31 04:11:58', '2021-07-31 04:11:58'),
(365, 'Masaka', 'Central Region', ' Hello', '', '2022-03-12 10:05:21', '2022-03-12 10:05:21');

-- --------------------------------------------------------

--
-- Table structure for table `ncda_facilitation`
--

CREATE TABLE `ncda_facilitation` (
  `id` int(11) NOT NULL,
  `facility_id` int(11) NOT NULL,
  `description` text NOT NULL,
  `item_value` float NOT NULL DEFAULT 0,
  `activity_id` int(11) DEFAULT NULL,
  `date` timestamp NOT NULL DEFAULT current_timestamp()
) ENGINE=InnoDB DEFAULT CHARSET=utf8mb4;

--
-- Dumping data for table `ncda_facilitation`
--

INSERT INTO `ncda_facilitation` (`id`, `facility_id`, `description`, `item_value`, `activity_id`, `date`) VALUES
(1, 1, '<p>Sample things that we need</p>', 340000, NULL, '2022-03-12 09:12:00'),
(2, 1, '<p>ureureiuri</p>', 6700000, NULL, '2022-03-12 09:12:00');

-- --------------------------------------------------------

--
-- Table structure for table `ncda_facilities`
--

CREATE TABLE `ncda_facilities` (
  `id` int(11) NOT NULL,
  `facility_name` varchar(255) NOT NULL,
  `facilty_description` text DEFAULT NULL,
  `facility_head` varchar(100) DEFAULT NULL,
  `district_id` int(11) NOT NULL,
  `created_at` timestamp NOT NULL DEFAULT current_timestamp(),
  `updated_at` timestamp NOT NULL DEFAULT current_timestamp() ON UPDATE current_timestamp()
) ENGINE=InnoDB DEFAULT CHARSET=latin1;

--
-- Dumping data for table `ncda_facilities`
--

INSERT INTO `ncda_facilities` (`id`, `facility_name`, `facilty_description`, `facility_head`, `district_id`, `created_at`, `updated_at`) VALUES
(1, 'Sample Facility', ' ', NULL, 251, '2022-01-16 22:04:17', '2022-01-16 22:04:17');

-- --------------------------------------------------------

--
-- Table structure for table `ncda_field_activity_data`
--

CREATE TABLE `ncda_field_activity_data` (
  `id` int(11) NOT NULL,
  `parameter_id` int(11) NOT NULL,
  `parameter_value` int(11) NOT NULL,
  `mode_of_operation` varchar(20) DEFAULT NULL,
  `facility_id` int(11) NOT NULL,
  `clinic_type_id` int(11) NOT NULL,
  `action_date` date NOT NULL,
  `created_at` timestamp NOT NULL DEFAULT current_timestamp(),
  `updated_at` timestamp NOT NULL DEFAULT current_timestamp() ON UPDATE current_timestamp()
) ENGINE=InnoDB DEFAULT CHARSET=latin1;

--
-- Dumping data for table `ncda_field_activity_data`
--

INSERT INTO `ncda_field_activity_data` (`id`, `parameter_id`, `parameter_value`, `mode_of_operation`, `facility_id`, `clinic_type_id`, `action_date`, `created_at`, `updated_at`) VALUES
(1, 7, 45, NULL, 9, 0, '2022-01-18', '2022-01-18 19:34:46', '2022-01-18 19:34:46'),
(2, 8, 45, NULL, 9, 0, '2022-01-18', '2022-01-18 19:34:46', '2022-01-18 19:34:46'),
(3, 9, 45, NULL, 9, 0, '2022-01-18', '2022-01-18 19:34:46', '2022-01-18 19:34:46'),
(4, 6, 45, NULL, 7, 0, '2022-01-18', '2022-01-18 19:48:26', '2022-01-18 19:48:26'),
(5, 6, 45, NULL, 7, 0, '2022-01-19', '2022-01-18 22:07:11', '2022-01-18 22:07:11'),
(6, 6, 0, NULL, 7, 0, '2022-01-19', '2022-01-18 22:08:11', '2022-01-18 22:08:11'),
(7, 6, 6, NULL, 7, 0, '2022-01-19', '2022-01-18 22:10:16', '2022-01-18 22:10:16'),
(8, 1, 45, NULL, 1, 0, '2022-01-31', '2022-01-31 06:03:30', '2022-01-31 06:03:30'),
(9, 2, 56, NULL, 1, 0, '2022-01-31', '2022-01-31 06:03:30', '2022-01-31 06:03:30'),
(10, 3, 6, NULL, 1, 0, '2022-01-31', '2022-01-31 06:03:30', '2022-01-31 06:03:30'),
(11, 1, 45, NULL, 1, 0, '2022-02-12', '2022-02-12 10:56:31', '2022-02-12 10:56:31'),
(12, 2, 56, NULL, 1, 0, '2022-02-12', '2022-02-12 10:56:31', '2022-02-12 10:56:31'),
(13, 3, 56, NULL, 1, 0, '2022-02-12', '2022-02-12 10:56:31', '2022-02-12 10:56:31'),
(14, 10, 45, NULL, 10, 0, '2022-03-10', '2022-03-10 16:01:28', '2022-03-10 16:01:28'),
(15, 11, 56, NULL, 10, 0, '2022-03-10', '2022-03-10 16:01:28', '2022-03-10 16:01:28'),
(16, 12, 56, NULL, 10, 0, '2022-03-10', '2022-03-10 16:01:28', '2022-03-10 16:01:28'),
(17, 10, 89, NULL, 1, 0, '2022-03-10', '2022-03-10 16:20:52', '2022-03-10 16:20:52'),
(18, 11, 56, NULL, 1, 0, '2022-03-10', '2022-03-10 16:20:52', '2022-03-10 16:20:52'),
(19, 12, 56, NULL, 1, 0, '2022-03-10', '2022-03-10 16:20:52', '2022-03-10 16:20:52'),
(20, 10, 90, NULL, 1, 0, '2022-03-10', '2022-03-10 16:21:13', '2022-03-10 16:21:13'),
(21, 11, 56, NULL, 1, 0, '2022-03-10', '2022-03-10 16:21:13', '2022-03-10 16:21:13'),
(22, 12, 56, NULL, 1, 0, '2022-03-10', '2022-03-10 16:21:13', '2022-03-10 16:21:13'),
(23, 13, 20, NULL, 1, 0, '2022-03-17', '2022-03-17 07:54:10', '2022-03-17 07:54:10'),
(24, 14, 30, NULL, 1, 0, '2022-03-17', '2022-03-17 07:54:10', '2022-03-17 07:54:10'),
(25, 16, 20, NULL, 1, 0, '2022-03-24', '2022-03-24 14:00:16', '2022-03-24 14:00:16');

-- --------------------------------------------------------

--
-- Table structure for table `ncda_meetings`
--

CREATE TABLE `ncda_meetings` (
  `id` int(11) NOT NULL,
  `meeting_name` varchar(255) NOT NULL,
  `meeting_description` text DEFAULT NULL,
  `meeting_date` date DEFAULT NULL,
  `venue` varchar(255) DEFAULT NULL,
  `start_at` time DEFAULT NULL,
  `end_at` time DEFAULT NULL,
  `attachments` text DEFAULT NULL
) ENGINE=InnoDB DEFAULT CHARSET=latin1;

--
-- Dumping data for table `ncda_meetings`
--

INSERT INTO `ncda_meetings` (`id`, `meeting_name`, `meeting_description`, `meeting_date`, `venue`, `start_at`, `end_at`, `attachments`) VALUES
(1, 'Starting Small', 'Simple ', '2021-07-28', 'Hotel Africana', '00:20:22', '00:20:22', NULL),
(2, 'Hey boss', ' Stop there', '2021-07-28', 'Hotel Africana', '00:20:22', '00:20:22', NULL),
(3, 'Hey boss', ' Stop there', '2021-07-28', 'Hotel Africana', '00:20:22', '00:20:22', NULL),
(4, 'fgggggggggggg', ' gfffffffffffffffffffff', '2021-07-28', 'Hotel Africana', '00:20:22', '00:20:22', NULL),
(5, 'fffffffffffffffffffffff', ' fffffffffffffffff', '2021-07-28', 'Hotel Africana', '00:20:22', '00:20:22', NULL),
(6, 'gffffffffffffff', ' gfffffffffffff', '0000-00-00', 'gffffffffffffff', '00:20:22', '00:20:22', NULL),
(7, 'ttryy', ' ryyyyyyyyyyy', '2021-07-28', 'Hotel Africana', '00:20:22', '00:20:22', NULL),
(8, 'kfdsfs', ' dssssssssssssssss', '2021-07-28', 'Hotel Africana', '00:20:22', '00:20:22', NULL),
(9, 'Coming soon meeting', ' klklkl', '2021-07-28', 'klk', '08:00:00', '08:00:00', NULL),
(10, 'Meeting two', ' kjkjkj', '2010-11-19', 'kkkj', '08:00:00', '08:00:00', NULL),
(11, 'Simple meeting', ' Simple', '2022-01-17', 'Hotel Africana', '08:00:00', '06:00:00', NULL);

-- --------------------------------------------------------

--
-- Table structure for table `ncda_meeting_action_points`
--

CREATE TABLE `ncda_meeting_action_points` (
  `id` int(11) NOT NULL,
  `meeting_id` int(11) NOT NULL,
  `discusion_id` int(11) DEFAULT NULL,
  `action_point` text NOT NULL,
  `created_at` timestamp NOT NULL DEFAULT current_timestamp(),
  `updated_at` timestamp NOT NULL DEFAULT current_timestamp() ON UPDATE current_timestamp()
) ENGINE=InnoDB DEFAULT CHARSET=latin1;

--
-- Dumping data for table `ncda_meeting_action_points`
--

INSERT INTO `ncda_meeting_action_points` (`id`, `meeting_id`, `discusion_id`, `action_point`, `created_at`, `updated_at`) VALUES
(3, 1, NULL, '<p>MJ and Troy are working on an RFP for a master park plan. Over 100 membership sold in\r\nthe first month. League numbers are about the same as last year. On-line t-sheets will be ready\r\nfor summer. Youth on course program will be available this summer in the afternoons. June 6 \r\ngrand opening of North Straight River Trail. Angie would like to see a golf cart available to shuttle\r\npeople from the shop to the trail as there are no parking signs at the beginning of the trail right\r\nnow. Deer hunt will be back to the 5 bag limit<br></p>', '2022-01-16 10:29:33', '2022-01-16 10:29:33'),
(4, 11, NULL, '<p>iuriureiureiureiure</p>', '2022-01-16 14:03:08', '2022-01-16 14:03:08'),
(5, 11, NULL, '<p><span style=\"font-family: \" open=\"\" sans\",=\"\" arial,=\"\" sans-serif;=\"\" font-size:=\"\" 14px;=\"\" text-align:=\"\" justify;\"=\"\">Contrary to popular belief, Lorem Ipsum is not simply random text. It has roots in a piece of classical Latin literature from 45 BC, making it over 2000 years old. Richard McClintock, a Latin professor at Hampden-Sydney College in Virginia, looked up one of the more obscure Latin words, consectetur, from a Lorem Ipsum passage, and going through the cites of the word in classical literature, discovered the undoubtable source and good</span><br></p>', '2022-01-17 21:50:25', '2022-01-17 21:50:25');

-- --------------------------------------------------------

--
-- Table structure for table `ncda_meeting_discusions`
--

CREATE TABLE `ncda_meeting_discusions` (
  `id` int(11) NOT NULL,
  `meeting_id` int(11) NOT NULL,
  `item_name` varchar(255) NOT NULL,
  `item_details` text DEFAULT NULL,
  `suggestion` text DEFAULT NULL,
  `created_at` timestamp NOT NULL DEFAULT current_timestamp(),
  `updated_at` timestamp NOT NULL DEFAULT current_timestamp() ON UPDATE current_timestamp()
) ENGINE=InnoDB DEFAULT CHARSET=latin1;

--
-- Dumping data for table `ncda_meeting_discusions`
--

INSERT INTO `ncda_meeting_discusions` (`id`, `meeting_id`, `item_name`, `item_details`, `suggestion`, `created_at`, `updated_at`) VALUES
(1, 1, 'Salary Increment', '<p><span style=\"font-weight: bolder;\">Staff Report</span></p><p>Parks Jesse handed out goals for 2018 and accomplishments for 2017. He has some volunteer projects going on with the boy scouts and girl scouts. They are also working with some associations and partners on several projects. Jesse also listed several projects for spring and summer. They are waiting for weather to improve to move forward with other projects.</p><p>Lee asked about the goats we used a couple of years ago in Kriesel Park. Corky said they are boarder line on weather or not to use them again. Jesse will follow up with Chris Herzog. There is $5000 in the budget to continue with the project in needed. Lee also asked about the archery range and allowing cross bows.</p><p>Tim said they would need to follow up with the neighbors as well as get new targets. It is still part of the discussion that will be looked at later this spring. Allowing cross bows are a concern for a lot of people due to it being more powerful and dangerous. However it is more accurate and people will take less shots due to only using them to sight in their bows.</p><p>Cross bows are expensive and only those who are invested will be practicing. It is about $1600-$1800 to purchase 6 more targets. Lee asked about the 18th street trail and the drop off area. Jesse said they will put retaining wall in that area.</p>', NULL, '2022-01-16 10:00:21', '2022-01-16 10:00:21'),
(2, 1, 'Employee Benefits', '<p>Henry :</p><p>Soccer is postponed another week and then will be moved inside to the Four Seasons. We\r\nhope to make it outside the following week. The plan is to start adult softball the second week of\r\nMay. The relight the park event made between $3,300-$4,000. Laura asked about getting the\r\nfields ready for the earlybird tournament. Fields are going to get used a lot and we will do our\r\nbest to keep them up to par. </p><p>Tim also state that school gyms are all being used for high school\r\nactivities so they are not available for our use for soccer<br></p>', NULL, '2022-01-16 10:03:13', '2022-01-16 10:03:13'),
(3, 1, 'Brainstoming', '<p>Laura asked about the park maintenance line item  expenses are down and revenues are up.\r\nJesse said it could have something to do with the school district billing and how they want to be\r\npaid with their fiscal year. Jesse clarified that they will be keeping better track of time spent on\r\nschool district hours. </p><p>Lee brought up the expenses of the park maintenance line and the\r\nadministration line. Corky said we increased the budget by around $30,000 due to how our staff\r\ntime is recorded and the retirees payouts. Angie asked why youth recreation was down in 2017\r\nin expenditures. </p><p>Eric explained that some of that came from when Brad left and how his time was\r\nrecorded. Eric also said the revenues vary based on participations. Lee would like to see more\r\nfootnotes on the monthly financial report clarifying or explaining any unfinished financial\r\ntransactions, (revenue or expenses) from the prior years (2017 in this case) numbers, such as\r\nFEMA payments, etc. That way we would have a clearer picture of why the budget numbers were\r\nnot met or close.<br></p>', NULL, '2022-01-16 10:13:10', '2022-01-16 10:13:10'),
(4, 1, 'Insurance', '<p><span style=\"color: rgb(51, 51, 51);\">Parks Jesse handed out goals for 2018 and accomplishments for 2017. He has some volunteer projects going on with the boy scouts and girl scouts. They are also working with some associations and partners on several projects.&nbsp;</span><br></p>', NULL, '2022-01-16 13:40:49', '2022-01-16 13:40:49'),
(5, 11, 'Employee Benefits', '<p><strong style=\"margin: 0px; padding: 0px; font-family: &quot;Open Sans&quot;, Arial, sans-serif; font-size: 14px; text-align: justify;\">Lorem Ipsum</strong><span style=\"font-family: &quot;Open Sans&quot;, Arial, sans-serif; font-size: 14px; text-align: justify;\">&nbsp;is simply dummy text of the printing and typesetting industry. Lorem Ipsum has been the industry\'s standard dummy text ever since the 1500s, when an unknown printer took a galley of type and scrambled it to make a type specimen book. It has survived not only five centuries, but also the leap into electronic typesetting, remaining essentially unchanged. It was popularised in the 1960s with the release of Letraset sheets containing Lorem Ipsum passages, and more recently with desktop publishing software like Aldus PageMaker including versions of Lorem Ipsum</span><br></p>', NULL, '2022-01-16 14:16:45', '2022-01-16 14:16:45'),
(6, 11, 'Employee Benefits', '<p><strong style=\"margin: 0px; padding: 0px; font-family: \"Open Sans\", Arial, sans-serif; font-size: 14px; text-align: justify;\">Lorem Ipsum</strong><span style=\"font-family: \"Open Sans\", Arial, sans-serif; font-size: 14px; text-align: justify;\">is simply dummy text of the printing and typesetting industry. Lorem Ipsum has been the industry\'s standard dummy text ever since the 1500s, when an unknown printer took a galley of type and scrambled it to make a type specimen book. It has survived not only five centuries, but also the leap into electronic typesetting, remaining essentially unchanged. It was popularised in the 1960s with the release of Letraset sheets containing Lorem Ipsum passages, and more recently with desktop publishing software like Aldus PageMaker including versions of Lorem Ipsum</span><br></p>', NULL, '2022-01-17 17:54:07', '2022-01-17 17:54:07'),
(7, 11, 'Employee Benefits', '<p><strong style=\"margin: 0px; padding: 0px; font-family: \"Open Sans\", Arial, sans-serif; font-size: 14px; text-align: justify;\">Lorem Ipsum</strong><span style=\"font-family: \"Open Sans\", Arial, sans-serif; font-size: 14px; text-align: justify;\">is simply dummy text of the printing and typesetting industry. Lorem Ipsum has been the industry\'s standard dummy text ever since the 1500s, when an unknown printer took a galley of type and scrambled it to make a type specimen book. It has survived not only five centuries, but also the leap into electronic typesetting, remaining essentially unchanged. It was popularised in the 1960s with the release of Letraset sheets containing Lorem Ipsum passages, and more recently with desktop publishing software like Aldus PageMaker including versions of Lorem Ipsum</span><br></p>', NULL, '2022-01-17 17:54:21', '2022-01-17 17:54:21'),
(8, 11, 'Employee Benefits', '<p><strong style=\"margin: 0px; padding: 0px; font-family: \"Open Sans\", Arial, sans-serif; font-size: 14px; text-align: justify;\">Lorem Ipsum</strong><span style=\"font-family: \"Open Sans\", Arial, sans-serif; font-size: 14px; text-align: justify;\">is simply dummy text of the printing and typesetting industry. Lorem Ipsum has been the industry\'s standard dummy text ever since the 1500s, when an unknown printer took a galley of type and scrambled it to make a type specimen book. It has survived not only five centuries, but also the leap into electronic typesetting, remaining essentially unchanged. It was popularised in the 1960s with the release of Letraset sheets containing Lorem Ipsum passages, and more recently with desktop publishing software like Aldus PageMaker including versions of Lorem Ipsum</span><br></p>', NULL, '2022-01-17 17:59:04', '2022-01-17 17:59:04'),
(9, 11, 'Employee Benefits', '<p><strong style=\"margin: 0px; padding: 0px; font-family: \"Open Sans\", Arial, sans-serif; font-size: 14px; text-align: justify;\">Lorem Ipsum</strong><span style=\"font-family: \"Open Sans\", Arial, sans-serif; font-size: 14px; text-align: justify;\">is simply dummy text of the printing and typesetting industry. Lorem Ipsum has been the industry\'s standard dummy text ever since the 1500s, when an unknown printer took a galley of type and scrambled it to make a type specimen book. It has survived not only five centuries, but also the leap into electronic typesetting, remaining essentially unchanged. It was popularised in the 1960s with the release of Letraset sheets containing Lorem Ipsum passages, and more recently with desktop publishing software like Aldus PageMaker including versions of Lorem Ipsum</span><br></p>', NULL, '2022-01-17 18:00:53', '2022-01-17 18:00:53'),
(10, 11, 'Employee Benefits One on One', '<p><strong style=\"margin: 0px; padding: 0px; font-family: \"Open Sans\", Arial, sans-serif; font-size: 14px; text-align: justify;\">Lorem Ipsum</strong><span style=\"font-family: \"Open Sans\", Arial, sans-serif; font-size: 14px; text-align: justify;\">is simply dummy text of the printing and typesetting industry. Lorem Ipsum has been the industry\'s standard dummy text ever since the 1500s, when an unknown printer took a galley of type and scrambled it to make a type specimen book. It has survived not only five centuries, but also the leap into electronic typesetting, remaining essentially unchanged. It was popularised in the 1960s with the release of Letraset sheets containing Lorem Ipsum passages, and more recently with desktop publishing software like Aldus PageMaker including versions of Lorem Ipsum</span><br></p>', NULL, '2022-01-17 18:01:07', '2022-01-17 18:04:23'),
(11, 11, 'Employee Benefits Two', '<p><strong style=\"margin: 0px; padding: 0px; font-family: \"Open Sans\", Arial, sans-serif; font-size: 14px; text-align: justify;\">Lorem Ipsum</strong><span style=\"font-family: \"Open Sans\", Arial, sans-serif; font-size: 14px; text-align: justify;\">is simply dummy text of the printing and typesetting industry. Lorem Ipsum has been the industry\'s standard dummy text ever since the 1500s, when an unknown printer took a galley of type and scrambled it to make a type specimen book. It has survived not only five centuries, but also the leap into electronic typesetting, remaining essentially unchanged. It was popularised in the 1960s with the release of Letraset sheets containing Lorem Ipsum passages, and more recently with desktop publishing software like Aldus PageMaker including versions of Lorem Ipsum</span><br></p>', NULL, '2022-01-17 18:01:31', '2022-01-17 18:01:31');

-- --------------------------------------------------------

--
-- Table structure for table `ncda_meeting_impacts`
--

CREATE TABLE `ncda_meeting_impacts` (
  `id` int(11) NOT NULL,
  `meeting_id` int(11) NOT NULL,
  `impact_name` varchar(255) NOT NULL,
  `description` text DEFAULT NULL,
  `created_at` timestamp NOT NULL DEFAULT current_timestamp(),
  `updated_at` timestamp NOT NULL DEFAULT current_timestamp() ON UPDATE current_timestamp()
) ENGINE=InnoDB DEFAULT CHARSET=latin1;

-- --------------------------------------------------------

--
-- Table structure for table `ncda_meeting_participants`
--

CREATE TABLE `ncda_meeting_participants` (
  `id` int(11) NOT NULL,
  `meeting_id` int(11) NOT NULL,
  `contact_id` int(11) NOT NULL,
  `group_represented` text DEFAULT NULL,
  `created_at` timestamp NOT NULL DEFAULT current_timestamp(),
  `updated_at` timestamp NOT NULL DEFAULT current_timestamp() ON UPDATE current_timestamp()
) ENGINE=InnoDB DEFAULT CHARSET=latin1;

--
-- Dumping data for table `ncda_meeting_participants`
--

INSERT INTO `ncda_meeting_participants` (`id`, `meeting_id`, `contact_id`, `group_represented`, `created_at`, `updated_at`) VALUES
(1, 0, 4, NULL, '2022-01-15 20:33:05', '2022-01-15 20:33:05'),
(2, 1, 5, NULL, '2022-01-15 20:34:22', '2022-01-15 20:34:22'),
(3, 1, 8, NULL, '2022-01-16 10:15:47', '2022-01-16 10:15:47'),
(4, 11, 9, NULL, '2022-01-16 14:20:25', '2022-01-16 14:20:25');

-- --------------------------------------------------------

--
-- Table structure for table `ncda_objectives`
--

CREATE TABLE `ncda_objectives` (
  `id` int(11) NOT NULL,
  `objective_name` varchar(255) NOT NULL,
  `objective_description` text DEFAULT NULL,
  `project_id` int(11) DEFAULT NULL,
  `created_by` int(11) DEFAULT NULL,
  `created_at` timestamp NOT NULL DEFAULT current_timestamp(),
  `updated_at` timestamp NOT NULL DEFAULT current_timestamp() ON UPDATE current_timestamp(),
  `is_core` int(11) NOT NULL DEFAULT 0
) ENGINE=InnoDB DEFAULT CHARSET=latin1;

--
-- Dumping data for table `ncda_objectives`
--

INSERT INTO `ncda_objectives` (`id`, `objective_name`, `objective_description`, `project_id`, `created_by`, `created_at`, `updated_at`, `is_core`) VALUES
(5, ' To increase testing turnups per quoter', '  To increase testing turnups per quoter', 1, 1, '2021-11-24 14:51:50', '2021-11-24 14:51:50', 0),
(6, ' To minimize the number of communicable diseases deaths through early detection and medication', ' What is a communicable disease? A communicable disease is one that is spread from one person to another through a variety of ways that include: contact with blood and bodily fluids; breathing in an airborne virus; or by being bitten by an insect.', 1, 1, '2021-11-30 15:30:51', '2021-11-30 15:30:51', 0),
(7, ' Healing All the sick', ' It is a long established fact that a reader will be distracted by the readable content of a page when looking at its layout. The point of using Lorem Ipsum is that it has a more-or-less normal distribution of letters, as opposed to using \'Content here, content here\', making it look like readable English', 1, 1, '2022-01-16 21:25:21', '2022-01-16 21:25:21', 0),
(8, ' Reducing new Infections', ' Many desktop publishing packages and web page editors now use Lorem Ipsum as their default model text, and a search for \'lorem ipsum\' will uncover many web sites still in their infancy. Various versions have evolved over the years, sometimes by accident, sometimes on purpose (injected humour and the like).', 1, 1, '2022-01-16 21:26:08', '2022-01-16 21:26:08', 0),
(9, ' Reducing fatality rate', ' There are many variations of passages of Lorem Ipsum available, but the majority have suffered alteration in some form, by injected humour, or randomised words which don\'t look even slightly believable. If you are going to use a passage of Lorem Ipsum, you need to be sure there isn\'t anything embarrassing hidden in the middle of text.', 1, 1, '2022-01-16 21:27:53', '2022-01-16 21:27:53', 0),
(10, ' Aiding the sick                                 ', '                      Aiding the sick                ', 1, 1, '2022-01-17 10:12:13', '2022-01-19 06:51:28', 0),
(11, ' Reducing Infections\r\n                                  ', '                                    ', 1, 1, '2022-01-18 11:36:22', '2022-01-19 06:51:31', 0),
(12, 'Starting Smaller  ', '                                    ', 1, 1, '2022-01-18 18:59:10', '2022-01-19 06:51:33', 0),
(13, 'Sample Core Objective', '                                        Sample Core Objective                                                                    ', 0, 1, '2022-02-13 09:18:56', '2022-02-13 09:20:54', 1),
(14, 'Sample Core Objective two', 'Sample Core Objective two                                    ', 0, 1, '2022-02-13 09:21:11', '2022-02-13 09:22:15', 1),
(15, 'Sample Core Objectives 3', 'Sample Core Objectives 3                                    ', 0, 1, '2022-02-13 09:21:57', '2022-02-13 09:21:57', 1),
(16, 'Decreasing Injections', 'Decreasing Injections                ', 12, 1, '2022-03-10 15:59:31', '2022-03-10 15:59:31', 0),
(17, 'Implement effective NCD prevention and control policies', 'Decription', 13, 1, '2022-03-17 07:39:46', '2022-03-17 07:39:46', 0),
(18, 'Improving test coverage', 'Sample', 14, 1, '2022-03-24 13:57:30', '2022-03-24 13:57:30', 0);

-- --------------------------------------------------------

--
-- Table structure for table `ncda_parameters`
--

CREATE TABLE `ncda_parameters` (
  `id` int(11) NOT NULL,
  `parameter_name` varchar(255) NOT NULL,
  `parameter_description` text DEFAULT NULL,
  `activity_id` int(11) NOT NULL,
  `target_value` float DEFAULT NULL,
  `created_by` int(11) DEFAULT NULL,
  `created_at` timestamp NOT NULL DEFAULT current_timestamp(),
  `updated_at` timestamp NOT NULL DEFAULT current_timestamp() ON UPDATE current_timestamp(),
  `core_objective_id` int(11) DEFAULT NULL
) ENGINE=InnoDB DEFAULT CHARSET=latin1;

--
-- Dumping data for table `ncda_parameters`
--

INSERT INTO `ncda_parameters` (`id`, `parameter_name`, `parameter_description`, `activity_id`, `target_value`, `created_by`, `created_at`, `updated_at`, `core_objective_id`) VALUES
(1, 'Number of people screened', '<p>Simple branch param<br></p>', 1, 100, 1, '2021-11-30 18:03:05', '2022-03-24 13:27:02', 14),
(2, ' Number of positive cases (+ve)', ' ', 1, 70, 1, '2021-11-30 18:28:07', '2022-03-24 13:20:58', 14),
(3, '  Number of negative cases (-ve)', ' ', 1, 100, 1, '2021-11-30 18:29:51', '2022-03-24 13:21:05', 15),
(4, 'Number of People sensitized \r\n            ', '                Number of People sensitized  \r\n            ', 5, 50, 1, '2022-01-17 11:38:44', '2022-01-19 07:10:07', NULL),
(5, ' Sample two \r\n             \r\n            ', '                                Sample two and more \r\n            ', 5, 100, 1, '2022-01-17 11:42:04', '2022-01-19 07:09:34', NULL),
(6, 'Number of people immunized', '', 7, 100, 1, '2022-01-18 11:37:02', '2022-01-19 07:09:38', NULL),
(7, 'Number of people', '', 8, 100, 1, '2022-01-18 18:59:38', '2022-01-19 07:09:42', NULL),
(8, 'Number of times attended', '', 8, 80, 1, '2022-01-18 18:59:55', '2022-01-19 07:09:47', NULL),
(9, 'Number of wells', '', 9, 90, 1, '2022-01-18 19:00:51', '2022-01-19 07:09:56', NULL),
(10, 'Number of people immunized', '<p>Number of people immunized<br></p>', 10, 0, 1, '2022-03-10 16:00:13', '2022-03-24 13:34:56', 13),
(11, 'Death rate', '<p>Death rate<br></p>', 10, 50, 1, '2022-03-10 16:00:27', '2022-03-24 13:35:06', 13),
(12, 'Infections per day', '', 10, 0, 1, '2022-03-10 16:00:47', '2022-03-24 13:35:12', 13),
(13, 'Number of people reached out to', '', 11, 80, 1, '2022-03-17 07:42:03', '2022-03-24 12:42:33', 13),
(14, 'Number of copies disseminated', '', 11, NULL, 1, '2022-03-17 07:42:27', '2022-03-17 07:42:27', NULL),
(15, 'Sample 2', '<p>Hello again</p>', 11, 10, 1, '2022-03-24 10:30:58', '2022-03-24 10:30:58', NULL),
(16, 'Number of patients reached', '', 17, 100, 1, '2022-03-24 13:58:53', '2022-03-24 13:58:53', 13);

-- --------------------------------------------------------

--
-- Table structure for table `ncda_partners`
--

CREATE TABLE `ncda_partners` (
  `id` int(11) NOT NULL,
  `partner_name` varchar(70) NOT NULL,
  `partner_description` text DEFAULT NULL,
  `address` varchar(100) NOT NULL,
  `email` varchar(50) NOT NULL,
  `phone_no` varchar(30) NOT NULL,
  `since` int(4) DEFAULT NULL,
  `is_active` int(11) NOT NULL DEFAULT 0
) ENGINE=InnoDB DEFAULT CHARSET=utf8mb4;

--
-- Dumping data for table `ncda_partners`
--

INSERT INTO `ncda_partners` (`id`, `partner_name`, `partner_description`, `address`, `email`, `phone_no`, `since`, `is_active`) VALUES
(1, 'Uganda cancer Institue', '', 'Mulango, Kampala', 'canceinst@gmail.com', '076876875', 2020, 0),
(2, 'George', 'George                ', 'George', 'henricsanyu@gmail.com', '+256787788798', NULL, 0);

-- --------------------------------------------------------

--
-- Table structure for table `ncda_projects`
--

CREATE TABLE `ncda_projects` (
  `id` int(11) NOT NULL,
  `project_name` varchar(255) NOT NULL,
  `project_description` text DEFAULT NULL,
  `budget` double DEFAULT NULL,
  `currency` varchar(100) DEFAULT NULL,
  `duration` varchar(50) DEFAULT NULL,
  `start_date` date NOT NULL,
  `end_date` date NOT NULL,
  `status` varchar(20) NOT NULL DEFAULT 'Active',
  `created_by` int(11) DEFAULT NULL,
  `created_at` timestamp NOT NULL DEFAULT current_timestamp(),
  `updated_at` timestamp NOT NULL DEFAULT current_timestamp() ON UPDATE current_timestamp()
) ENGINE=InnoDB DEFAULT CHARSET=latin1;

--
-- Dumping data for table `ncda_projects`
--

INSERT INTO `ncda_projects` (`id`, `project_name`, `project_description`, `budget`, `currency`, `duration`, `start_date`, `end_date`, `status`, `created_by`, `created_at`, `updated_at`) VALUES
(1, 'Strengthening Testing of Communicable diseases in South Western Uganda', ' Immunisation is a means of protecting a person against vaccine preventable diseases\r\nby building the bodys defence system so that it is able to fight off diseases.\r\nThis is achieved through giving vaccines to a person through the mouth and/or by\r\ninjections', NULL, NULL, '150 days', '2021-12-01', '2022-04-30', 'Active', NULL, '2021-11-22 14:41:26', '2021-11-24 13:33:26'),
(11, 'Strengthening Testing One', ' Immunisation is a means of protecting a person against vaccine preventable diseases.', NULL, NULL, '150 days', '2021-12-01', '2022-04-30', 'Active', NULL, '2021-11-22 14:41:26', '2022-02-12 14:43:03'),
(12, 'Strengthening Testing', ' Immunisation is a means of protecting a person.', NULL, NULL, '150 days', '2021-12-01', '2022-04-30', 'Active', NULL, '2021-11-22 14:41:26', '2022-01-19 18:41:25'),
(13, ' Awareness project', '&nbsp;Awareness project decription', 6000000, 'UGX', '13 days', '2022-03-18', '2022-03-31', 'Active', NULL, '2022-03-17 07:38:44', '2022-03-17 07:38:44'),
(14, ' Sample Project One', 'Sample Project description', 50000, 'USD', '92 days', '2022-03-24', '2022-06-24', 'Active', NULL, '2022-03-24 13:56:07', '2022-03-24 13:56:07');

-- --------------------------------------------------------

--
-- Table structure for table `ncda_project_objectives`
--

CREATE TABLE `ncda_project_objectives` (
  `id` int(11) NOT NULL,
  `project_id` int(11) NOT NULL,
  `objective_id` int(11) NOT NULL,
  `created_at` timestamp NOT NULL DEFAULT current_timestamp(),
  `created_by` int(11) DEFAULT NULL
) ENGINE=InnoDB DEFAULT CHARSET=utf8mb4;

--
-- Dumping data for table `ncda_project_objectives`
--

INSERT INTO `ncda_project_objectives` (`id`, `project_id`, `objective_id`, `created_at`, `created_by`) VALUES
(1, 1, 5, '2022-02-12 08:51:07', NULL),
(2, 1, 6, '2022-02-12 08:52:45', NULL),
(3, 1, 7, '2022-02-12 08:52:45', NULL),
(4, 1, 8, '2022-02-12 08:52:45', NULL),
(5, 1, 9, '2022-02-12 08:52:45', NULL),
(6, 1, 10, '2022-02-12 08:52:45', NULL),
(7, 1, 11, '2022-02-12 08:52:45', NULL),
(8, 1, 12, '2022-02-12 08:52:45', NULL);

-- --------------------------------------------------------

--
-- Table structure for table `ncda_roles`
--

CREATE TABLE `ncda_roles` (
  `id` int(11) NOT NULL,
  `role_name` varchar(255) NOT NULL,
  `role_description` text DEFAULT NULL
) ENGINE=InnoDB DEFAULT CHARSET=latin1;

-- --------------------------------------------------------

--
-- Table structure for table `ncda_subscribers`
--

CREATE TABLE `ncda_subscribers` (
  `id` int(11) NOT NULL,
  `subscriber_name` varchar(70) NOT NULL,
  `subscriber_description` text DEFAULT NULL,
  `address` varchar(100) NOT NULL,
  `email` varchar(50) NOT NULL,
  `phone_no` varchar(30) NOT NULL,
  `since` int(4) DEFAULT NULL,
  `is_active` int(11) NOT NULL DEFAULT 0
) ENGINE=InnoDB DEFAULT CHARSET=utf8mb4;

--
-- Dumping data for table `ncda_subscribers`
--

INSERT INTO `ncda_subscribers` (`id`, `subscriber_name`, `subscriber_description`, `address`, `email`, `phone_no`, `since`, `is_active`) VALUES
(1, 'Uganda cancer Institue', 'Helps cancer patients manager and fight cancer                                ', 'Mulango, Kampala', 'canceinst@gmail.com', '076876875', NULL, 1),
(2, 'Subscriber One', 'Subscriber One                ', 'Subscriber One', 'henricsanyu@gmail.com', '+256787788798', NULL, 1);

-- --------------------------------------------------------

--
-- Table structure for table `ncda_system_permissions`
--

CREATE TABLE `ncda_system_permissions` (
  `id` int(11) NOT NULL,
  `permision_name` int(11) NOT NULL,
  `permision_description` int(11) NOT NULL
) ENGINE=InnoDB DEFAULT CHARSET=latin1;

-- --------------------------------------------------------

--
-- Table structure for table `ncda_users`
--

CREATE TABLE `ncda_users` (
  `id` int(11) NOT NULL,
  `first_name` varchar(100) NOT NULL,
  `last_name` varchar(100) NOT NULL,
  `email` varchar(255) DEFAULT NULL,
  `phone` varchar(255) DEFAULT NULL,
  `username` varchar(255) DEFAULT NULL,
  `password` text DEFAULT NULL,
  `is_active` int(11) NOT NULL DEFAULT 1,
  `created_at` timestamp NOT NULL DEFAULT current_timestamp(),
  `updated_at` timestamp NOT NULL DEFAULT current_timestamp() ON UPDATE current_timestamp()
) ENGINE=InnoDB DEFAULT CHARSET=latin1;

-- --------------------------------------------------------

--
-- Table structure for table `ncda_user_roles`
--

CREATE TABLE `ncda_user_roles` (
  `id` int(11) NOT NULL,
  `user_id` int(11) NOT NULL,
  `role_id` int(11) NOT NULL
) ENGINE=InnoDB DEFAULT CHARSET=latin1;

-- --------------------------------------------------------

--
-- Table structure for table `permissions`
--

CREATE TABLE `permissions` (
  `id` int(11) NOT NULL,
  `name` text DEFAULT NULL,
  `definition` text DEFAULT NULL
) ENGINE=InnoDB DEFAULT CHARSET=utf8;

--
-- Dumping data for table `permissions`
--

INSERT INTO `permissions` (`id`, `name`, `definition`) VALUES
(13, 'ViewStaff', 'View Staff'),
(14, 'makerota', 'Make Rota'),
(15, 'manageusers', 'Manage Users'),
(16, 'manageschedule', 'Manage Schedule'),
(17, 'viewreports', 'View Reports'),
(18, 'downloadreports', 'Download Reports'),
(19, 'rootendance', 'Manage attendance'),
(20, 'checklogs', 'check user logs'),
(21, 'Printreports', 'Print Reports'),
(22, 'brockusers', 'Block Users'),
(23, 'createacounts', 'Creat User Accounts'),
(25, 'handlerequest', 'Handle Request'),
(26, 'makerequest', 'Submit Request'),
(27, 'empattendancereport', 'Employee Attendance Report'),
(28, 'switching', 'Switch Facility-Depart'),
(30, 'leaverequests', 'Handle Leave Requests'),
(31, 'manage_linked_devices', 'Bind / Unbind User Devices'),
(32, 'manage_biotime', 'Manage_biotime');

-- --------------------------------------------------------

--
-- Table structure for table `report`
--

CREATE TABLE `report` (
  `surname` char(50) NOT NULL,
  `ihris_pid` char(50) NOT NULL,
  `hw_type` varchar(50) NOT NULL,
  `firstname` char(50) NOT NULL,
  `othername` char(50) NOT NULL,
  `birth_date` date NOT NULL,
  `birth_place` char(50) NOT NULL,
  `gender` varchar(50) NOT NULL,
  `position` char(50) NOT NULL,
  `facility` char(50) NOT NULL,
  `id_type` varchar(50) NOT NULL,
  `national_id` char(50) NOT NULL,
  `id_expiry` date NOT NULL,
  `id_photo` tinyblob NOT NULL,
  `person_photo` tinyblob NOT NULL,
  `primary_mobile_operator` varchar(50) NOT NULL,
  `primary_mobile_number` char(13) NOT NULL,
  `is_mm_registered` varchar(50) NOT NULL,
  `is_registered_by_hw` varchar(50) NOT NULL,
  `email` char(50) NOT NULL,
  `registered_mm_name` char(50) NOT NULL,
  `diff_names_consent` varchar(50) NOT NULL,
  `verification_process` char(50) NOT NULL,
  `kyc_verification` varchar(50) NOT NULL,
  `other_contact` char(10) NOT NULL,
  `consent` varchar(50) NOT NULL,
  `registered_before` varchar(50) NOT NULL,
  `no_mobile_money_point` int(2) NOT NULL,
  `id_number` char(50) NOT NULL,
  `reference` char(50) NOT NULL,
  `user_id` char(50) NOT NULL,
  `location` char(50) NOT NULL,
  `record_date` char(50) NOT NULL
) ENGINE=InnoDB DEFAULT CHARSET=utf8;

--
-- Dumping data for table `report`
--

INSERT INTO `report` (`surname`, `ihris_pid`, `hw_type`, `firstname`, `othername`, `birth_date`, `birth_place`, `gender`, `position`, `facility`, `id_type`, `national_id`, `id_expiry`, `id_photo`, `person_photo`, `primary_mobile_operator`, `primary_mobile_number`, `is_mm_registered`, `is_registered_by_hw`, `email`, `registered_mm_name`, `diff_names_consent`, `verification_process`, `kyc_verification`, `other_contact`, `consent`, `registered_before`, `no_mobile_money_point`, `id_number`, `reference`, `user_id`, `location`, `record_date`) VALUES
('Nkuke', '', 'chw', 'Henry', 'Mayanja', '1980-01-01', 'Masaka', 'Male', 'Assistant Commissioner - Global and Regional Healt', 'Doctor\'s medicare clinic', 'National ID', '094874747', '1980-01-01', 0x2f396a2f34414151536b5a4a5267414241514141415141424141442f327742444141454241514542415145424151454241514542415145424151454241514542415145424151454241514542415145424151454241514542415145424151454241514542415145424151454241514542415145424151482f327742444151454241514542415145424151454241514542415145424151454241514542415145424151454241514542415145424151454241514542415145424151454241514542415145424151454241514542415145424151482f7741415243414261414b41444153494141684542417845422f3851414867414141674d4141774542415141, 0x2f396a2f34414151536b5a4a5267414241514141415141424141442f327742444141454241514542415145424151454241514542415145424151454241514542415145424151454241514542415145424151454241514542415145424151454241514542415145424151454241514542415145424151482f327742444151454241514542415145424151454241514542415145424151454241514542415145424151454241514542415145424151454241514542415145424151454241514542415145424151454241514542415145424151482f7741415243414261414b41444153494141684542417845422f385141485141414167494441514542414141, 'UTL', '0705596470', 'Yes', 'Yes', 'henricsanyu@gmail.com', '', 'Yes', '', '', '', 'Yes', 'Yes', 9, '776776766776', '4olw9VtxeiX2', '2', '', ''),
('Achan', 'person|100030', 'chw', 'Hellen', 'Achuda', '1984-01-01', 'Bukomansimbi', 'Male', 'Assistant Commissioner - Global and Regional Healt', 'MULAMA Health Centre II', 'National ID', '34567899', '2008-01-01', '', '', 'Mtn', '+256773727361', 'Yes', 'Yes', 'henricsanyu@gmail.com', '', 'Yes', '', '', '', 'Yes', 'Yes', 2, '085255666', 'uSsgRCIFO402', '2', '', '');

-- --------------------------------------------------------

--
-- Table structure for table `setting`
--

CREATE TABLE `setting` (
  `id` int(11) NOT NULL,
  `title` varchar(255) DEFAULT NULL,
  `address` text DEFAULT NULL,
  `email` varchar(50) DEFAULT NULL,
  `phone` varchar(20) DEFAULT NULL,
  `language` varchar(100) DEFAULT NULL,
  `timezone` varchar(150) NOT NULL,
  `financial_year` varchar(20) NOT NULL,
  `biotime_username` varchar(100) NOT NULL,
  `biotime_password` varchar(100) DEFAULT NULL,
  `default_password` varchar(100) NOT NULL,
  `Date_to_Fetch_iHRIS_Data` varchar(100) NOT NULL,
  `Duty_Rosta_End_Date` varchar(100) NOT NULL,
  `Bind_User_to_Phone` varchar(100) NOT NULL DEFAULT '1'
) ENGINE=InnoDB DEFAULT CHARSET=utf8;

--
-- Dumping data for table `setting`
--

INSERT INTO `setting` (`id`, `title`, `address`, `email`, `phone`, `language`, `timezone`, `financial_year`, `biotime_username`, `biotime_password`, `default_password`, `Date_to_Fetch_iHRIS_Data`, `Duty_Rosta_End_Date`, `Bind_User_to_Phone`) VALUES
(1, 'UNCDA', '', 'admin@admin.com', '0702787688', 'english', 'Africa/Nairobi', '2020-2021', 'plubwama', 'bpass1234', 'ihris123', '', '', '1');

-- --------------------------------------------------------

--
-- Table structure for table `subscriber_membership`
--

CREATE TABLE `subscriber_membership` (
  `id` int(11) NOT NULL,
  `subscriber_id` int(11) NOT NULL,
  `member_count` int(10) NOT NULL,
  `record_date` date NOT NULL DEFAULT current_timestamp(),
  `created_at` timestamp NOT NULL DEFAULT current_timestamp()
) ENGINE=InnoDB DEFAULT CHARSET=utf8mb4;

--
-- Dumping data for table `subscriber_membership`
--

INSERT INTO `subscriber_membership` (`id`, `subscriber_id`, `member_count`, `record_date`, `created_at`) VALUES
(1, 1, 20, '2022-01-01', '2022-01-01 05:15:06'),
(2, 1, 60, '2022-03-24', '2022-03-24 05:15:06'),
(7, 1, 60, '2021-12-01', '2022-03-24 05:15:06'),
(8, 1, 40, '2021-11-09', '2022-03-24 05:15:06'),
(9, 1, 40, '2021-11-09', '2022-03-24 05:15:06'),
(10, 1, 43, '2021-10-09', '2022-03-24 05:15:06'),
(11, 1, 47, '2021-09-09', '2022-03-24 05:15:06'),
(12, 1, 59, '2021-08-09', '2022-03-24 05:15:06'),
(13, 1, 60, '2021-07-09', '2022-03-24 05:15:06'),
(14, 1, 56, '2020-02-06', '2022-03-24 08:57:47'),
(15, 1, 70, '2020-06-11', '2022-03-24 09:06:23'),
(16, 1, 70, '2022-03-24', '2022-03-24 11:12:09');

-- --------------------------------------------------------

--
-- Table structure for table `user`
--

CREATE TABLE `user` (
  `user_id` int(11) NOT NULL,
  `email` varchar(255) NOT NULL,
  `username` varchar(200) NOT NULL,
  `password` varchar(255) DEFAULT NULL,
  `name` varchar(50) DEFAULT NULL,
  `role` varchar(255) NOT NULL,
  `status` tinyint(1) DEFAULT 1,
  `created_at` timestamp NULL DEFAULT current_timestamp(),
  `ihris_pid` varchar(200) DEFAULT NULL,
  `facility_id` varchar(200) DEFAULT NULL,
  `facility` varchar(255) DEFAULT NULL,
  `department_id` varchar(255) DEFAULT NULL,
  `department` varchar(255) DEFAULT NULL,
  `district_id` varchar(255) DEFAULT NULL,
  `district` varchar(300) DEFAULT NULL,
  `auth_id` int(255) DEFAULT NULL,
  `changed` date DEFAULT NULL,
  `isChanged` int(1) DEFAULT 0
) ENGINE=InnoDB DEFAULT CHARSET=utf8;

--
-- Dumping data for table `user`
--

INSERT INTO `user` (`user_id`, `email`, `username`, `password`, `name`, `role`, `status`, `created_at`, `ihris_pid`, `facility_id`, `facility`, `department_id`, `department`, `district_id`, `district`, `auth_id`, `changed`, `isChanged`) VALUES
(1, 'ncda@gmail.com', 'ncda', '21232f297a57a5a743894a0e4a801fc3', 'ANDREW AGABA', '10', 1, '2021-06-21 18:32:30', NULL, 'facility|787', 'Kampala Mulago Regional Referal', 'Test2', 'Test2', 'district|102', 'KAMPALA', NULL, NULL, 0);

-- --------------------------------------------------------

--
-- Table structure for table `user_groups`
--

CREATE TABLE `user_groups` (
  `group_id` int(11) NOT NULL,
  `group_name` text DEFAULT NULL
) ENGINE=InnoDB DEFAULT CHARSET=utf8;

--
-- Dumping data for table `user_groups`
--

INSERT INTO `user_groups` (`group_id`, `group_name`) VALUES
(10, 'sadmin'),
(11, 'Human_Resource'),
(16, 'DepartmentAdmin'),
(17, 'employee'),
(19, 'Top_Manager'),
(20, 'District'),
(21, 'Facility');

--
-- Indexes for dumped tables
--

--
-- Indexes for table `access_sessions`
--
ALTER TABLE `access_sessions`
  ADD PRIMARY KEY (`id`),
  ADD KEY `ci_sessions_timestamp` (`timestamp`);

--
-- Indexes for table `branch_activities`
--
ALTER TABLE `branch_activities`
  ADD PRIMARY KEY (`id`);

--
-- Indexes for table `branch_activty_parameters`
--
ALTER TABLE `branch_activty_parameters`
  ADD PRIMARY KEY (`id`);

--
-- Indexes for table `group_permissions`
--
ALTER TABLE `group_permissions`
  ADD PRIMARY KEY (`id`);

--
-- Indexes for table `ncda_activities`
--
ALTER TABLE `ncda_activities`
  ADD PRIMARY KEY (`id`);

--
-- Indexes for table `ncda_board_members`
--
ALTER TABLE `ncda_board_members`
  ADD PRIMARY KEY (`id`);

--
-- Indexes for table `ncda_branch_activity_data`
--
ALTER TABLE `ncda_branch_activity_data`
  ADD PRIMARY KEY (`id`);

--
-- Indexes for table `ncda_branch_teams`
--
ALTER TABLE `ncda_branch_teams`
  ADD PRIMARY KEY (`id`);

--
-- Indexes for table `ncda_clinic_types`
--
ALTER TABLE `ncda_clinic_types`
  ADD PRIMARY KEY (`id`);

--
-- Indexes for table `ncda_contact_catalog`
--
ALTER TABLE `ncda_contact_catalog`
  ADD PRIMARY KEY (`id`),
  ADD UNIQUE KEY `phone` (`phone`),
  ADD UNIQUE KEY `email` (`email`);

--
-- Indexes for table `ncda_dhts`
--
ALTER TABLE `ncda_dhts`
  ADD PRIMARY KEY (`id`),
  ADD UNIQUE KEY `phone_number` (`contact`);

--
-- Indexes for table `ncda_districts`
--
ALTER TABLE `ncda_districts`
  ADD PRIMARY KEY (`id`);

--
-- Indexes for table `ncda_facilitation`
--
ALTER TABLE `ncda_facilitation`
  ADD PRIMARY KEY (`id`);

--
-- Indexes for table `ncda_facilities`
--
ALTER TABLE `ncda_facilities`
  ADD PRIMARY KEY (`id`);

--
-- Indexes for table `ncda_field_activity_data`
--
ALTER TABLE `ncda_field_activity_data`
  ADD PRIMARY KEY (`id`);

--
-- Indexes for table `ncda_meetings`
--
ALTER TABLE `ncda_meetings`
  ADD PRIMARY KEY (`id`);

--
-- Indexes for table `ncda_meeting_action_points`
--
ALTER TABLE `ncda_meeting_action_points`
  ADD PRIMARY KEY (`id`);

--
-- Indexes for table `ncda_meeting_discusions`
--
ALTER TABLE `ncda_meeting_discusions`
  ADD PRIMARY KEY (`id`);

--
-- Indexes for table `ncda_meeting_impacts`
--
ALTER TABLE `ncda_meeting_impacts`
  ADD PRIMARY KEY (`id`);

--
-- Indexes for table `ncda_meeting_participants`
--
ALTER TABLE `ncda_meeting_participants`
  ADD PRIMARY KEY (`id`);

--
-- Indexes for table `ncda_objectives`
--
ALTER TABLE `ncda_objectives`
  ADD PRIMARY KEY (`id`);

--
-- Indexes for table `ncda_parameters`
--
ALTER TABLE `ncda_parameters`
  ADD PRIMARY KEY (`id`);

--
-- Indexes for table `ncda_partners`
--
ALTER TABLE `ncda_partners`
  ADD PRIMARY KEY (`id`);

--
-- Indexes for table `ncda_projects`
--
ALTER TABLE `ncda_projects`
  ADD PRIMARY KEY (`id`);

--
-- Indexes for table `ncda_project_objectives`
--
ALTER TABLE `ncda_project_objectives`
  ADD PRIMARY KEY (`id`);

--
-- Indexes for table `ncda_roles`
--
ALTER TABLE `ncda_roles`
  ADD PRIMARY KEY (`id`);

--
-- Indexes for table `ncda_subscribers`
--
ALTER TABLE `ncda_subscribers`
  ADD PRIMARY KEY (`id`);

--
-- Indexes for table `ncda_users`
--
ALTER TABLE `ncda_users`
  ADD PRIMARY KEY (`id`);

--
-- Indexes for table `ncda_user_roles`
--
ALTER TABLE `ncda_user_roles`
  ADD PRIMARY KEY (`id`);

--
-- Indexes for table `permissions`
--
ALTER TABLE `permissions`
  ADD UNIQUE KEY `id` (`id`);

--
-- Indexes for table `report`
--
ALTER TABLE `report`
  ADD PRIMARY KEY (`reference`);

--
-- Indexes for table `setting`
--
ALTER TABLE `setting`
  ADD PRIMARY KEY (`id`);

--
-- Indexes for table `subscriber_membership`
--
ALTER TABLE `subscriber_membership`
  ADD PRIMARY KEY (`id`);

--
-- Indexes for table `user`
--
ALTER TABLE `user`
  ADD PRIMARY KEY (`user_id`),
  ADD UNIQUE KEY `username` (`username`),
  ADD UNIQUE KEY `email_2` (`email`),
  ADD KEY `user_id` (`user_id`),
  ADD KEY `email` (`email`),
  ADD KEY `facility_id` (`facility_id`),
  ADD KEY `department_id` (`department_id`),
  ADD KEY `district` (`district`),
  ADD KEY `facility` (`facility`),
  ADD KEY `district_id` (`district_id`),
  ADD KEY `district_id_2` (`district_id`);

--
-- Indexes for table `user_groups`
--
ALTER TABLE `user_groups`
  ADD PRIMARY KEY (`group_id`);

--
-- AUTO_INCREMENT for dumped tables
--

--
-- AUTO_INCREMENT for table `branch_activities`
--
ALTER TABLE `branch_activities`
  MODIFY `id` int(11) NOT NULL AUTO_INCREMENT, AUTO_INCREMENT=5;

--
-- AUTO_INCREMENT for table `branch_activty_parameters`
--
ALTER TABLE `branch_activty_parameters`
  MODIFY `id` int(11) NOT NULL AUTO_INCREMENT, AUTO_INCREMENT=7;

--
-- AUTO_INCREMENT for table `group_permissions`
--
ALTER TABLE `group_permissions`
  MODIFY `id` int(11) NOT NULL AUTO_INCREMENT, AUTO_INCREMENT=3873;

--
-- AUTO_INCREMENT for table `ncda_activities`
--
ALTER TABLE `ncda_activities`
  MODIFY `id` int(11) NOT NULL AUTO_INCREMENT, AUTO_INCREMENT=18;

--
-- AUTO_INCREMENT for table `ncda_board_members`
--
ALTER TABLE `ncda_board_members`
  MODIFY `id` int(11) NOT NULL AUTO_INCREMENT, AUTO_INCREMENT=6;

--
-- AUTO_INCREMENT for table `ncda_branch_activity_data`
--
ALTER TABLE `ncda_branch_activity_data`
  MODIFY `id` int(11) NOT NULL AUTO_INCREMENT, AUTO_INCREMENT=51;

--
-- AUTO_INCREMENT for table `ncda_branch_teams`
--
ALTER TABLE `ncda_branch_teams`
  MODIFY `id` int(11) NOT NULL AUTO_INCREMENT, AUTO_INCREMENT=12;

--
-- AUTO_INCREMENT for table `ncda_clinic_types`
--
ALTER TABLE `ncda_clinic_types`
  MODIFY `id` int(11) NOT NULL AUTO_INCREMENT;

--
-- AUTO_INCREMENT for table `ncda_contact_catalog`
--
ALTER TABLE `ncda_contact_catalog`
  MODIFY `id` int(11) NOT NULL AUTO_INCREMENT, AUTO_INCREMENT=12;

--
-- AUTO_INCREMENT for table `ncda_dhts`
--
ALTER TABLE `ncda_dhts`
  MODIFY `id` int(11) NOT NULL AUTO_INCREMENT;

--
-- AUTO_INCREMENT for table `ncda_districts`
--
ALTER TABLE `ncda_districts`
  MODIFY `id` int(11) NOT NULL AUTO_INCREMENT, AUTO_INCREMENT=366;

--
-- AUTO_INCREMENT for table `ncda_facilitation`
--
ALTER TABLE `ncda_facilitation`
  MODIFY `id` int(11) NOT NULL AUTO_INCREMENT, AUTO_INCREMENT=3;

--
-- AUTO_INCREMENT for table `ncda_facilities`
--
ALTER TABLE `ncda_facilities`
  MODIFY `id` int(11) NOT NULL AUTO_INCREMENT, AUTO_INCREMENT=2;

--
-- AUTO_INCREMENT for table `ncda_field_activity_data`
--
ALTER TABLE `ncda_field_activity_data`
  MODIFY `id` int(11) NOT NULL AUTO_INCREMENT, AUTO_INCREMENT=26;

--
-- AUTO_INCREMENT for table `ncda_meetings`
--
ALTER TABLE `ncda_meetings`
  MODIFY `id` int(11) NOT NULL AUTO_INCREMENT, AUTO_INCREMENT=12;

--
-- AUTO_INCREMENT for table `ncda_meeting_action_points`
--
ALTER TABLE `ncda_meeting_action_points`
  MODIFY `id` int(11) NOT NULL AUTO_INCREMENT, AUTO_INCREMENT=6;

--
-- AUTO_INCREMENT for table `ncda_meeting_discusions`
--
ALTER TABLE `ncda_meeting_discusions`
  MODIFY `id` int(11) NOT NULL AUTO_INCREMENT, AUTO_INCREMENT=12;

--
-- AUTO_INCREMENT for table `ncda_meeting_impacts`
--
ALTER TABLE `ncda_meeting_impacts`
  MODIFY `id` int(11) NOT NULL AUTO_INCREMENT;

--
-- AUTO_INCREMENT for table `ncda_meeting_participants`
--
ALTER TABLE `ncda_meeting_participants`
  MODIFY `id` int(11) NOT NULL AUTO_INCREMENT, AUTO_INCREMENT=5;

--
-- AUTO_INCREMENT for table `ncda_objectives`
--
ALTER TABLE `ncda_objectives`
  MODIFY `id` int(11) NOT NULL AUTO_INCREMENT, AUTO_INCREMENT=19;

--
-- AUTO_INCREMENT for table `ncda_parameters`
--
ALTER TABLE `ncda_parameters`
  MODIFY `id` int(11) NOT NULL AUTO_INCREMENT, AUTO_INCREMENT=17;

--
-- AUTO_INCREMENT for table `ncda_partners`
--
ALTER TABLE `ncda_partners`
  MODIFY `id` int(11) NOT NULL AUTO_INCREMENT, AUTO_INCREMENT=3;

--
-- AUTO_INCREMENT for table `ncda_projects`
--
ALTER TABLE `ncda_projects`
  MODIFY `id` int(11) NOT NULL AUTO_INCREMENT, AUTO_INCREMENT=15;

--
-- AUTO_INCREMENT for table `ncda_project_objectives`
--
ALTER TABLE `ncda_project_objectives`
  MODIFY `id` int(11) NOT NULL AUTO_INCREMENT, AUTO_INCREMENT=9;

--
-- AUTO_INCREMENT for table `ncda_roles`
--
ALTER TABLE `ncda_roles`
  MODIFY `id` int(11) NOT NULL AUTO_INCREMENT;

--
-- AUTO_INCREMENT for table `ncda_subscribers`
--
ALTER TABLE `ncda_subscribers`
  MODIFY `id` int(11) NOT NULL AUTO_INCREMENT, AUTO_INCREMENT=3;

--
-- AUTO_INCREMENT for table `ncda_users`
--
ALTER TABLE `ncda_users`
  MODIFY `id` int(11) NOT NULL AUTO_INCREMENT;

--
-- AUTO_INCREMENT for table `ncda_user_roles`
--
ALTER TABLE `ncda_user_roles`
  MODIFY `id` int(11) NOT NULL AUTO_INCREMENT;

--
-- AUTO_INCREMENT for table `permissions`
--
ALTER TABLE `permissions`
  MODIFY `id` int(11) NOT NULL AUTO_INCREMENT, AUTO_INCREMENT=33;

--
-- AUTO_INCREMENT for table `setting`
--
ALTER TABLE `setting`
  MODIFY `id` int(11) NOT NULL AUTO_INCREMENT, AUTO_INCREMENT=2;

--
-- AUTO_INCREMENT for table `subscriber_membership`
--
ALTER TABLE `subscriber_membership`
  MODIFY `id` int(11) NOT NULL AUTO_INCREMENT, AUTO_INCREMENT=17;

--
-- AUTO_INCREMENT for table `user`
--
ALTER TABLE `user`
  MODIFY `user_id` int(11) NOT NULL AUTO_INCREMENT, AUTO_INCREMENT=8;

--
-- AUTO_INCREMENT for table `user_groups`
--
ALTER TABLE `user_groups`
  MODIFY `group_id` int(11) NOT NULL AUTO_INCREMENT, AUTO_INCREMENT=22;
COMMIT;

/*!40101 SET CHARACTER_SET_CLIENT=@OLD_CHARACTER_SET_CLIENT */;
/*!40101 SET CHARACTER_SET_RESULTS=@OLD_CHARACTER_SET_RESULTS */;
/*!40101 SET COLLATION_CONNECTION=@OLD_COLLATION_CONNECTION */;
